행정동_코드,행정동_코드_명,당월_매출_금액,당월_매출_건수,총매출건수,2030_매출건수,피크타임_매출비중,시간대추천,00~06_매출비중,06~11_매출비중,11~14_매출비중,14~17_매출비중,17~21_매출비중,21~24_매출비중,2030_매출비율,객단가
11110515,청운효자동,18058398153,1293063,1243045,709275,0.3535937440418011,14~17,0.0004653528749727499,0.09520615940600587,0.32612307595207335,0.3491675019245524,0.2118891509482875,0.017148758894108072,0.5705947894082676,13965.598082228013
11110530,사직동,47248523266,4695787,4331294,2382531,0.40268390017969424,11~14,0.004379410918826389,0.13956970743663524,0.40268390017969424,0.25616753089111866,0.1640692244282978,0.03313022614542767,0.5500737193088255,10061.89660348734
11110540,삼청동,30572945154,1717835,1633497,841490,0.3776020496302762,11~14,0.00010773941341404008,0.0739110206886466,0.36977951739023096,0.3562917180237062,0.1924522194333675,0.007457785050634708,0.5151463394178257,17797.37003495679
11110550,부암동,2696206309,218158,214642,115929,0.41542533465198306,14~17,0.0006644968911605761,0.06293274041262598,0.30347855600286067,0.41542533465198306,0.17322534814490498,0.04427352389646469,0.5401039871041082,12358.961436206786
11110560,평창동,1221731340,126750,122228,26417,0.3659153310480675,11~14,0.0,0.04588045574812122,0.3443568118202145,0.3188953135362447,0.2791106470919962,0.011756771803423417,0.2161288739077789,9638.906035502958
11110570,무악동,244716589,30856,28877,6426,0.36329099601791764,11~14,0.0,0.1529007834948926,0.3580661063323974,0.32525659065865475,0.160379311616261,0.0033972078977941994,0.2225300412092669,7930.923936997667
11110580,교남동,532191451,70478,66882,31439,0.40805414353312464,11~14,0.0,0.38572246149869027,0.4078033590907691,0.18316751574648554,0.022951341414956396,0.00035532224909869624,0.47006668460871387,7551.171301682794
11110600,가회동,24369967054,2080234,1944147,1110005,0.34796491364799387,14~17,1.5524306188919653e-05,0.13261484522335518,0.32969542573875377,0.34796491364799387,0.17532458672562476,0.01438470435808348,0.5709470528720307,11715.01237553083
11110615,종로1?2?3?4가동,93001006847,9620286,8733570,4286049,0.37527958473368217,11~14,0.0024616912187707305,0.12299466035013265,0.37527958473368217,0.24721067446430608,0.20389366931337496,0.04815971991973336,0.4907556703616047,9667.1769266527
11110630,종로5?6가동,10817521951,1520506,1355718,596037,0.4424915094036015,11~14,0.0007186954424626839,0.19379934871182103,0.4424915094036015,0.22203477014924927,0.13000639471440698,0.010949281578458559,0.4396467406938611,7114.422403463058
11110640,이화동,17764456383,1911243,1835868,1071736,0.3166637374101827,11~14,0.0009804040796211387,0.09775610804826755,0.3102199691212657,0.28618589479089424,0.26957113252467385,0.035286491435277484,0.5837761756291847,9294.713640808626
11110650,혜화동,18001333160,1810520,1779762,1107385,0.318076652755795,14~17,0.0026806819213332595,0.0445509461298418,0.2848148668151948,0.3152142252717285,0.31400651951617636,0.038732760345725266,0.6222095988115265,9942.631487086583
11110670,창신1동,2446993074,344219,333515,131718,0.28309782586934545,11~14,0.003053923364724749,0.15509595317976804,0.2806406490069055,0.26710241287211334,0.2439924455926187,0.05011461598386969,0.3949387583766847,7108.826282105288
11110680,창신2동,517339425,91682,89820,38401,0.30006439483868763,14~17,0.00021952114369159847,0.14993706492430733,0.2822004824987638,0.299426126882523,0.2461650513135428,0.02205175323717143,0.4275328434647072,5642.758938504832
11110690,창신3동,177322210,20676,20276,7693,0.36542174303787883,11~14,0.0,0.19169196877672534,0.36542174303787883,0.28952731425844214,0.15335897392695366,0.0,0.3794140856184652,8576.233797639776
11110700,숭인1동,146017605,17858,17179,6192,0.35781585239297076,14~17,0.0,0.14860106443367163,0.30981206474245226,0.34499855411094194,0.19191394100761625,0.0046743757053178715,0.3604400721811514,8176.593403516631
11110710,숭인2동,1513873587,287310,278540,125653,0.3606502372961552,11~14,1.4706446362097918e-05,0.1776253336687194,0.3606502372961552,0.27404686349301316,0.18128247592352567,0.006380383172224455,0.4511129460759675,5269.1294664299885
11140520,소공동,77684134441,7965827,7363793,3688122,0.47861642177628294,11~14,0.00036374881219028166,0.2153573803949479,0.47861642177628294,0.221687747252163,0.07070460557700055,0.01327009618741536,0.5008454202881586,9752.174437255542
11140540,회현동,36870901227,4874486,4399635,1924049,0.489115714210342,11~14,0.00043993567732202217,0.22044112972012886,0.489115714210342,0.20383622654531222,0.07451306204196712,0.011653931804927811,0.43732014132990576,7564.059313535827
11140550,명동,88518475545,9812225,8742803,4356844,0.42001321811235437,11~14,0.00013056546644330775,0.18196091393060146,0.42001321811235437,0.21730719764368328,0.1513388517145176,0.029249253132399993,0.49833491615903963,9021.243963015524
11140570,필동,15946275717,2353859,2155369,1220331,0.47253186238872746,11~14,0.0033750392066090144,0.16637433942365432,0.47253186238872746,0.20951181052382292,0.13261283533388335,0.015594113123302883,0.5661819391482387,6774.524607038909
11140580,장충동,5838059559,286528,268320,150841,0.43682083775165126,11~14,8.078815901575224e-06,0.07862503002671123,0.2631620922229071,0.17314757187343305,0.31995766621468935,0.1650995608463577,0.5621683064997018,20375.179944019434
11140590,광희동,12923918752,1747748,1640007,871295,0.34450043300587513,11~14,0.014670689715459803,0.13820151848067194,0.34450043300587513,0.26407517940486014,0.1951889224395284,0.04336325695360453,0.5312751713864636,7394.612239293079
11140605,을지로동,21538935623,2588114,2387105,1146421,0.3858957818459581,11~14,0.0006043996275433603,0.15303042782460652,0.3858957818459581,0.19045354746685603,0.21160438714722196,0.058411456087814076,0.4802557910104499,8322.251501672647
11140615,신당동,4066156891,897929,868331,488573,0.24870035064125848,11~14,0.09198227454311667,0.18914360379422282,0.24870035064125848,0.13474109427909692,0.19596817646917128,0.13946450027313384,0.5626575580049543,4528.372389130989
11140625,다산동,1137125614,144092,134085,64116,0.33837715568916865,11~14,0.0,0.12374907413365266,0.33837715568916865,0.2580643729889083,0.25436858571070503,0.025440811477565425,0.47817429242644593,7891.66375648891
11140635,약수동,1494037636,183192,178882,89524,0.3925666240100118,11~14,0.0013989152770798221,0.10515430783500729,0.3925666240100118,0.24612970635133985,0.2033158037038697,0.051434642822691515,0.5004639930233338,8155.5834097558845
11140645,청구동,1206004839,138124,133700,71437,0.3555757050789208,11~14,0.0,0.09384381191466193,0.3555757050789208,0.3024181263398723,0.2321359472863193,0.016026409380225683,0.5343081525804039,8731.319966117402
11140650,신당5동,352382355,45024,43920,24290,0.29933403268040387,17~21,0.00050154752839687,0.133890920787329,0.26329335452036834,0.2705299352596792,0.2828969591003661,0.04888728280386047,0.5530510018214936,7826.5448427505335
11140665,동화동,695084390,77880,76107,38347,0.3106562078655478,11~14,0.006444498401448449,0.10704477563622515,0.30527079990935174,0.29978402313565633,0.263767554166389,0.01768834875092934,0.5038564126821449,8925.069209039548
11140670,황학동,3594417119,608323,579968,262186,0.3280835831487785,11~14,0.00010531371551799164,0.1919657191636674,0.3280835831487785,0.2361484461017157,0.21199321404744892,0.031703723822871524,0.4520697693665857,5908.731248037638
11140680,중림동,3165393603,379343,349186,182789,0.5206364791307431,11~14,8.47744211026604e-05,0.15980462349458832,0.5206364791307431,0.1822610378216344,0.1251942747777353,0.012018810354196247,0.523471731398166,8344.410211866305
11170510,후암동,3645700791,413932,375627,200613,0.5019492267803534,11~14,0.0,0.1052214416884,0.5019492267803534,0.23904148482182178,0.14019265070170456,0.013595196007720255,0.534075026555599,8807.48719838041
11170520,용산2가동,4736464694,312085,309800,215833,0.3643481808235077,17~21,0.023466047206502572,0.023478776077117756,0.17750737583114565,0.3039534550301511,0.3643481808235077,0.10724616503157525,0.6966849580374435,15176.84186679911
11170530,남영동,16795197944,1497970,1304441,794475,0.34678608056077564,11~14,0.0108251029146265,0.12736994871730306,0.34678608056077564,0.20459034853815372,0.2184440221451666,0.09198449712397448,0.6090539932430826,11211.972164996629
11170555,청파동,9282500319,1466657,1429115,936734,0.3577067783018313,11~14,0.005919753246671477,0.15655579112203305,0.3577067783018313,0.24900714442351507,0.20276814235471263,0.028042390551236487,0.6554643957973991,6329.019204217482
11170560,원효로1동,4093109133,624819,576647,326863,0.4296664151768147,11~14,0.0009132669137758493,0.18439446916583926,0.4296664151768147,0.22536181595579735,0.14221023528224055,0.017453797505532304,0.5668337821925719,6550.8717452574265
11170570,원효로2동,1405648206,217896,193157,90169,0.4154224590447788,11~14,0.0003189812047382405,0.22484629107326087,0.4154224590447788,0.21662773200761268,0.1321176895471353,0.010666847122474062,0.46681714874428576,6451.005094173367
11170580,효창동,1625568502,217662,210029,119618,0.3035888010354362,11~14,0.00027152410364156287,0.22795534737245282,0.30019028332674963,0.2833684884140664,0.1833080600351784,0.004906296747911191,0.5695308743078337,7468.315562661374
11170590,용문동,630214298,99062,93345,38945,0.3329837239125881,11~14,0.0010661284227742346,0.147556909872942,0.3329837239125881,0.2561601874461072,0.22730507599956867,0.034927974346019804,0.4172157051797097,6361.816821788375
11170625,한강로동,21956855825,2374824,1952959,1120299,0.4322020469788785,11~14,0.0015602837614736979,0.1618047991277835,0.4322020469788785,0.2385065525582643,0.14218752434586587,0.023738793227734176,0.5736418429675175,9245.677079648849
11170630,이촌1동,2349408402,444533,438752,161326,0.35073534939868084,11~14,0.0,0.1728265825979951,0.34932968423220057,0.32864811175747266,0.14914736877566973,4.825263666187969e-05,0.3676929108015462,5285.11584516785
11170640,이촌2동,217300808,21472,20538,7757,0.41680838524421404,14~17,0.0017553056726389452,0.13900329317757723,0.356017494927119,0.40091876813175714,0.10001106701914086,0.0022940710717668177,0.377690135358847,10120.194113263786
11170650,이태원1동,11782940991,1091111,1005449,623717,0.3503637477695878,11~14,0.029318584464148447,0.07615526354338499,0.3503637477695878,0.28048117376213433,0.21588311795987533,0.04779811250086915,0.6203367848593017,10799.030521184372
11170660,이태원2동,4151447810,274339,262589,160500,0.38005722321363883,11~14,0.001570050891434031,0.10749837362885112,0.38005722321363883,0.2988458441407415,0.19378632427400766,0.018242183851326903,0.6112213382891134,15132.546994776536
11170685,한남동,12936399565,1115895,1045609,618965,0.31389683721336176,11~14,0.002963370683371173,0.12048150796353303,0.2991800773111545,0.3076926040696608,0.23320709906881376,0.03647534090346677,0.5919660217155743,11592.846607431702
11170690,서빙고동,75015956,8149,7790,2945,0.4159250411701271,11~14,0.0006361749695811837,0.07292610802228919,0.41135583884413185,0.2927384374766959,0.16722596391713462,0.055117476770167276,0.3780487804878049,9205.541293410235
11170700,보광동,613117579,86602,83923,45381,0.3746704898837643,11~14,0.0017070738766350624,0.10244478868491268,0.3746704898837643,0.3103591581356489,0.2096553935266962,0.0011630958923428629,0.5407456835432479,7079.716161289578
11200520,왕십리2동,437767492,58211,56624,32878,0.33715968212168845,11~14,0.0,0.11964074947217425,0.32821170988400256,0.32704241146037816,0.19629564963169488,0.028809479551750193,0.5806371856456626,7520.356839772551
11200535,왕십리도선동,2401130607,352538,336993,191007,0.32606675749949543,11~14,0.012425012801137154,0.11661444814697362,0.32606675749949543,0.2287683473209161,0.2515947080908443,0.06453072614063345,0.5667981234031567,6810.983800327908
11200540,마장동,2560648302,254992,242739,122793,0.340795295371843,11~14,0.0002995706528361663,0.14553946188807715,0.3363243418746447,0.2975234417405711,0.21222659956131923,0.008086584282551627,0.5058643234090937,10042.073092489176
11200550,사근동,7054238723,1085299,1063714,782251,0.35861794533288927,11~14,0.00028857712072103065,0.12875985009497246,0.35861794533288927,0.2716138568711557,0.20820239727878787,0.032517373301473716,0.7353959804985175,6499.811317434182
11200560,행당1동,3555909721,435146,421793,209011,0.3394801314337361,11~14,0.0,0.10587211869650948,0.3394801314337361,0.2500900281941334,0.2739858034350664,0.030571918240554646,0.49552979779180784,8171.762399286677
11200570,행당2동,32298416,5076,4874,690,0.5055286144758802,11~14,0.0,0.09789236955584768,0.5055286144758802,0.2772772471855012,0.09820405020941758,0.021097718573353418,0.14156750102585144,6362.966115051221
11200580,응봉동,418113735,47463,45514,15217,0.3119676493279727,14~17,0.0,0.18841575502077412,0.28509663078452835,0.30985483929682434,0.20613700630965567,0.01049576858821756,0.3343366876126027,8809.256368118324
11200590,금호1가동,224704389,24842,23312,11186,0.43056850667685603,14~17,0.0,0.1333276451389301,0.304203672953953,0.43056850667685603,0.12374690148958309,0.008153273740677798,0.4798387096774194,9045.342122212382
11200615,금호2?3가동,686951512,122695,119068,48239,0.31301358856254746,11~14,0.0028168450822888776,0.14225771156562747,0.31301358856254746,0.2506442080604165,0.22268943309440614,0.06857821363471361,0.40513824033325496,5598.854981865602
11200620,금호4가동,584530168,57418,55046,21596,0.32501247416024137,11~14,0.0009673032468940663,0.09801509759370511,0.3121964761288727,0.2718829229225872,0.29251706978892006,0.024421130319020882,0.39232641790502487,10180.259988157024
11200645,옥수동,1171332886,175353,165684,73346,0.3249556995847835,11~14,0.0,0.20798440128992363,0.3249556995847835,0.2581701767778316,0.1939826773398479,0.0149070450076134,0.44268607711064434,6679.856552211824
11200650,성수1가1동,4314743469,592371,550508,294919,0.43253102009235733,11~14,0.00023340691958416196,0.16370911204943966,0.43253102009235733,0.2527021360609372,0.14225658145786174,0.008567743419819935,0.5357215517304017,7283.853309834546
11200660,성수1가2동,23257519648,2107140,1940742,1182804,0.35489123114735366,11~14,0.0029671518790523924,0.09563955967441255,0.35489123114735366,0.310208476224907,0.20861444105938637,0.02767914001488804,0.6094596808849398,11037.481917670397
11200670,성수2가1동,12021619524,1382730,1282725,792080,0.3358376635050318,11~14,0.0011641162510361307,0.11549715766655766,0.3346048178497194,0.32408296051225727,0.20417045327174504,0.020480494448684515,0.6174979048510008,8694.119259725327
11200690,성수2가3동,21529631714,2616214,2366829,1440544,0.3691557759183708,11~14,0.0010805398419261245,0.19071711353815737,0.3691557759183708,0.25102251717063023,0.17167727367493604,0.016346779855979383,0.6086388159009375,8229.308349393437
11200720,송정동,372441404,78187,76946,43175,0.42053252774633154,11~14,0.0,0.1393302117175667,0.42053252774633154,0.26246736267838355,0.15470406807881087,0.022965829778907286,0.5611077898786162,4763.469681660634
11200790,용답동,2531522831,425083,402980,200662,0.42742956787135833,11~14,0.0,0.15668318258640762,0.42742956787135833,0.22815838228236673,0.16990079593736487,0.01782807132250244,0.4979453074594273,5955.361261212516
11215710,화양동,22933566459,3103220,3020430,2052200,0.3077238333948183,17~21,0.011488266993782241,0.10139933938930204,0.22485210634512182,0.2514803529313823,0.3077238333948183,0.1030561009455933,0.679439682429323,7390.2483417224685
11215730,군자동,5523074101,857410,838918,530742,0.32844936509412603,11~14,0.008949728822577259,0.13836807890734776,0.32844936509412603,0.27157729663629765,0.21337099183490943,0.03928453870474187,0.6326506285477246,6441.57882576597
11215740,중곡1동,729399213,90909,84189,48298,0.3550294525308417,11~14,0.0,0.08421895256285589,0.3550294525308417,0.30236987504219476,0.24382733496656028,0.014554384897547323,0.5736853983299481,8023.399366399366
11215750,중곡2동,1227298117,143414,140800,79467,0.3198432474061389,11~14,0.0042498840817316525,0.08922860312423472,0.2958287834278297,0.2822875597582732,0.2969111629069,0.031494006701030676,0.5643963068181819,8557.728792168129
11215760,중곡3동,3095036196,487346,479496,237202,0.36377819489509367,11~14,0.002538282837844773,0.22308772932359483,0.36377819489509367,0.23035975842271803,0.13390522879200595,0.046330805728742756,0.4946902581043429,6350.79839785286
11215770,중곡4동,4531589887,1011059,1009627,487639,0.3099647149484209,11~14,0.003433281448456345,0.13038757303152645,0.3099647149484209,0.2741292339326338,0.23043514827012637,0.05165004836883613,0.4829892623711529,4482.023192513988
11215780,능동,3430668159,367471,360704,187844,0.2992159364510768,11~14,0.004841578566903246,0.10241282160216497,0.2992159364510768,0.26256653690218873,0.2655602915745238,0.06540283490314243,0.5207704932576295,9335.888162603307
11215810,광장동,8069094500,1141259,1101309,450253,0.40656346984772423,11~14,0.0,0.24969566164575388,0.40656346984772423,0.22692755362694905,0.11006784912679242,0.006745465752780389,0.4088343961594793,7070.344680742934
11215820,자양1동,1750616330,207100,200170,95553,0.41841503608418434,11~14,3.121588080458147e-05,0.08790541441741828,0.41841503608418434,0.31989868384750675,0.16515945001865526,0.008590199751430824,0.47735924464205426,8453.000144857557
11215830,자양2동,1931834443,375197,370632,165114,0.3023933376134975,11~14,0.0,0.19067658465939208,0.3023933376134975,0.25726473464452193,0.2114993294692107,0.03816601361337772,0.4454931036715664,5148.853650215753
11215840,자양3동,14549373817,1829702,1745076,861347,0.3099651901167002,11~14,6.924768706838021e-05,0.08821477355294044,0.3067567800162839,0.3032294490886602,0.2713165895811018,0.030413160073945303,0.4935870987853824,7951.772374408511
11215847,자양4동,3818939772,430118,426377,309857,0.3648976736184736,17~21,0.011090799812524067,0.054820140818501076,0.18327718945823693,0.25878143762877637,0.3648976736184736,0.12713275866348792,0.7267207189881255,8878.818770662934
11215850,구의1동,3556475052,581555,563960,297459,0.3084212416846296,11~14,0.0038133809429600437,0.15060594978162062,0.3084212416846296,0.2473622015825908,0.24714505851396218,0.04265216749423675,0.5274469820554649,6115.457784732313
11215860,구의2동,2024183286,307469,302768,139280,0.29544016596605777,14~17,0.0007233440801939832,0.10521923951830041,0.28108565689108367,0.2850599697495102,0.27182132944775683,0.056090460313154906,0.46002219521217563,6583.373562863248
11215870,구의3동,8580476447,1175230,1140493,522087,0.31399884677576817,11~14,0.004241095765770642,0.15770665473875606,0.31399884677576817,0.27960560035203874,0.21104777516131085,0.03340002720635555,0.4577730858497159,7301.103994111791
11230536,용신동,5164927045,807817,759248,312422,0.3963248620167878,11~14,0.002828125503331339,0.20188943016800337,0.3963248620167878,0.21668642412221034,0.1447448182718269,0.03752633991784024,0.41148873622321036,6393.684516418942
11230545,제기동,1524227418,221096,219595,130467,0.33905882865541737,11~14,0.0033161343215121534,0.061992802371174875,0.33905882865541737,0.31094164447957634,0.2605435409490337,0.02414704922328554,0.5941255493066782,6893.961980316243
11230560,전농1동,3351907437,506027,498868,253541,0.34758569617365825,11~14,0.0,0.13030059494413093,0.34758569617365825,0.25827116299004216,0.23776988564048623,0.026072660251682426,0.5082326386940033,6623.969545103325
11230570,전농2동,1470209689,332567,331644,173607,0.3827107473352378,11~14,0.0001678427603368027,0.17480331452667852,0.3827107473352378,0.23570410683098125,0.19261214430068396,0.014001844246081634,0.5234739660599921,4420.792468885968
11230600,답십리1동,2432141826,377252,368246,168528,0.28556799543914646,11~14,0.0,0.13417568501907873,0.2761783259916639,0.257056124021982,0.28024075757727807,0.052349107389997186,0.4576505922671258,6446.995180940061
11230610,답십리2동,2237089189,237123,224891,109023,0.3724746842438753,11~14,0.0005696229562765574,0.16573993332227258,0.3724746842438753,0.2116768273237148,0.22365491038495544,0.025884021768905297,0.4847815163790459,9434.298608738925
11230650,장안1동,4992653491,896346,868363,420953,0.2748571228188169,11~14,0.03662522605154163,0.19673357992728285,0.2748571228188169,0.19561077235921365,0.2021868954762856,0.09398640336685933,0.48476616345929063,5570.006996182278
11230660,장안2동,4260926339,663726,652865,237399,0.3211138496575366,11~14,0.00013639050406965135,0.15247452859335675,0.3211138496575366,0.2605002102120539,0.2334262406312217,0.032348780401761416,0.36362647714305407,6419.706835350732
11230705,청량리동,2848135650,473050,467984,194178,0.3529714025191862,11~14,0.0009240069286798507,0.139291649335809,0.3529714025191862,0.23851388215596814,0.22206666636829642,0.04623239269206039,0.4149244418612602,6020.791988161928
11230710,회기동,12472565636,1620001,1563524,917372,0.36789462997203254,11~14,0.004178014625674297,0.10186955514637401,0.36789462997203254,0.24197655471882673,0.23607443330706773,0.04800681223002469,0.5867335582952357,7699.10983758652
11230720,휘경1동,2162866751,473506,470509,283621,0.2666293110945209,11~14,0.00011629573349659449,0.16480102579473366,0.25390475228184317,0.24663881625492493,0.25679002463471223,0.0777490853002894,0.6027961207968392,4567.770526667033
11230730,휘경2동,802105859,76042,72614,36291,0.4524380487952355,11~14,0.0005583238757184182,0.10052917499906353,0.4524380487952355,0.248018325214636,0.19003077671874274,0.008425350396603805,0.49977965681549014,10548.19519476079
11230740,이문1동,10832210939,1852032,1841412,1132170,0.30912266942937067,11~14,0.015687272658152923,0.13513821721299304,0.30912266942937067,0.22883257559457687,0.24170935265846874,0.06950991244643781,0.6148379613036083,5848.824933370482
11230750,이문2동,97523086,6728,5886,3173,0.4590257249549137,11~14,0.0,0.1486035401137406,0.4590257249549137,0.2540991705749142,0.13288534337810073,0.005386220978330705,0.5390757730207272,14495.10790725327
11260520,면목2동,815995831,106208,104064,41798,0.35283680718159305,11~14,0.0,0.18235079251375344,0.35283680718159305,0.25591997374384656,0.18630811467780625,0.02258431188300067,0.4016566728167282,7682.997806191624
11260540,면목4동,1023507888,184709,178422,80121,0.2968391595418174,11~14,0.0,0.15522189587707053,0.2930929508094652,0.2781394850196203,0.2423161898475615,0.031229478446282426,0.44905336785822375,5541.191214288421
11260565,면목본동,1447447584,267679,266338,118819,0.2921682734174006,14~17,0.0016204833402783873,0.12467517257536416,0.28101206155072533,0.29080915048938893,0.2543032750512083,0.04757985699303484,0.4461210942486615,5407.400595489374
11260570,면목7동,2399323065,414970,414611,195972,0.27928339058589235,14~17,0.003995828749949655,0.1414950160577666,0.2678414851302943,0.2772290272507831,0.25827922680661775,0.05115941600458859,0.47266473875512227,5781.919331517941
11260575,면목3?8동,3690105484,636423,634025,301865,0.30447976565631857,11~14,0.001470414923051565,0.14946943801793108,0.29400542409888736,0.2319813457577538,0.2660528479791271,0.057020529223249114,0.476108986238713,5798.196300259418
11260580,상봉1동,2952313940,425579,425415,216367,0.3152511425002318,14~17,2.4715895367212504e-05,0.08590918542436238,0.2815781818463528,0.3144174268606598,0.27600309092642084,0.04206739904683694,0.508602188451277,6937.170161121672
11260590,상봉2동,4338476676,756667,752689,430117,0.29348228150918454,17~21,0.007147148852028257,0.12362407351135785,0.23558951838569944,0.24916050856982389,0.29348228150918454,0.09099646917190601,0.5714405285582758,5733.667090014498
11260600,중화1동,207218179,27792,27466,9421,0.4007806609609994,11~14,0.0,0.15912360975035636,0.4007806609609994,0.3281052099679925,0.11068306764613559,0.001307451674516183,0.34300589820141264,7456.036953080023
11260610,중화2동,543943676,57050,55925,23345,0.3263326037913342,11~14,0.0006177825668149423,0.19295646108197181,0.3263326037913342,0.24489443681732423,0.142573926913093,0.09262478882946182,0.41743406347787215,9534.507905346187
11260620,묵1동,3413514170,526645,522990,231831,0.29014507300217207,11~14,4.03827275686854e-06,0.1377192367616493,0.29014507300217207,0.25758763082778674,0.2554710828394924,0.059072938296142644,0.44327998623300635,6481.622668021153
11260630,묵2동,1039266029,196162,193660,79758,0.3372580428238227,11~14,0.0,0.15858477750310862,0.3372580428238227,0.2909811361481446,0.195963413170929,0.017212630353995086,0.4118455024269338,5297.998740836655
11260655,망우본동,2608182498,460670,457379,185452,0.31083273513699894,11~14,0.0013165979564182242,0.19330320718505298,0.31083273513699894,0.27312683746088673,0.1928931271639023,0.028527495096740837,0.40546680105557975,5661.715540408535
11260660,망우3동,797079763,154866,153505,55268,0.32471673112815796,11~14,0.0,0.1624268092487072,0.32471673112815796,0.2848254183414228,0.20289957598453173,0.025131465297180352,0.36004038956385787,5146.899661642969
11260680,신내1동,4510814487,551146,539979,218392,0.29193349711002825,11~14,0.02292245519311962,0.09316556804939034,0.29193349711002825,0.2598723761714955,0.2397745876660361,0.09233151580993018,0.40444535806022086,8184.4275146694345
11260690,신내2동,1404697347,249972,246688,94670,0.31513900715255116,11~14,0.0,0.17434005357729906,0.31513900715255116,0.24794335285030208,0.22358003628480783,0.038997550135039874,0.3837641068880529,5619.418762901445
11290525,성북동,5287787161,438886,425763,180570,0.4060822344157805,11~14,0.005306284981780474,0.06014141798177486,0.3369315356721504,0.377108697419452,0.19772134431933355,0.022790719625508712,0.424109187505725,12048.201949936885
11290555,삼선동,4077289517,490741,486097,262452,0.31934855302868703,11~14,0.0006460368557727646,0.08495982842293741,0.3113085911826675,0.3123931117488079,0.26022606875215176,0.03046636303766264,0.5399169301600298,8308.434626411896
11290575,동선동,32044978998,4641373,4623542,2520328,0.3365863183291271,17~21,0.005282632057337557,0.09202992656465328,0.2370447918846582,0.24682878265418823,0.3365863183291271,0.08222754851003561,0.5451076252794935,6904.202484480346
11290580,돈암1동,13093618,642,594,144,0.5658872473596996,11~14,0.014240495275290626,0.0,0.45342275960934664,0.18097195429430646,0.2862322270029655,0.0651325638180908,0.24242424242424243,20395.043613707167
11290590,돈암2동,2688000000,549956,540590,157170,0.3296879129464286,11~14,0.0,0.20309550669642856,0.3262351398809524,0.31703866927083335,0.14449569642857144,0.009134987723214286,0.2907378974823804,4887.663740371957
11290600,안암동,18530207819,3215905,3171802,1900333,0.34980140792447506,11~14,0.002813184573800897,0.1666186257925968,0.34980140792447506,0.23514839392726797,0.20722935320578867,0.038389034576070624,0.5991335524726953,5762.050750566325
11290610,보문동,1448414575,176520,170362,84204,0.34719269049524126,11~14,0.0,0.1520779343210804,0.34719269049524126,0.2341765727439551,0.2145867074529243,0.05196609498679897,0.4942651530270835,8205.38508384319
11290620,정릉1동,364893979,45737,45549,16813,0.3525905499261113,14~17,0.0,0.11160204943133549,0.30881604751536834,0.3453332470774249,0.23194503966730162,0.0023036163085696764,0.3691189707787218,7978.091676323327
11290630,정릉2동,1427907304,181349,175167,67414,0.29797946205959414,17~21,0.00036986993484316733,0.11931672005708985,0.2843364685490169,0.24596519380905837,0.29531527914176137,0.05469646850823035,0.38485559494653676,7873.808534924372
11290640,정릉3동,2608906858,505677,498612,298532,0.4146900539013185,11~14,0.0,0.18382923987175526,0.4146900539013185,0.26447502169448445,0.13488301036334682,0.002122674169095004,0.5987260635524215,5159.235753257514
11290650,정릉4동,1555442863,243450,240943,123943,0.39159868057642544,11~14,0.009999789489570627,0.20704901499509465,0.39159868057642544,0.24298033443557668,0.10494359497836951,0.043428585524963106,0.5144079720099775,6389.16764428014
11290660,길음1동,550245527,93288,91541,26045,0.3539439831697958,14~17,0.0,0.1331892521771914,0.2994422029292976,0.3539439831697958,0.19876306043975417,0.014661501283961044,0.2845173201079298,5898.352703455965
11290685,길음2동,2699590738,480048,457116,184778,0.37062603554133217,11~14,0.009411643809579505,0.24811922922168858,0.37062603554133217,0.2541653541243049,0.08943228823217705,0.02824544907091781,0.40422562325536626,5623.5850123321
11290705,종암동,4387006390,723200,704155,321742,0.3852962200734981,11~14,0.0003947769675045997,0.1461581169664925,0.3852962200734981,0.2532844082670961,0.19661082180153458,0.018255655923874115,0.45691928623669503,6066.1039684734515
11290715,월곡1동,1613229371,217063,213283,88612,0.4649669170921483,11~14,0.0,0.17233506812029453,0.4649669170921483,0.26954119782844516,0.08847250179124587,0.004684315167866096,0.4154667741920359,7432.079032354662
11290725,월곡2동,3722563520,673669,666886,365552,0.36077998650434173,11~14,0.006410340797826114,0.14850725195316705,0.36077998650434173,0.258098357426707,0.20208036066098925,0.024123702656968858,0.5481476594200508,5525.804987315729
11290760,장위1동,585224202,134177,134109,51882,0.2996061562232693,11~14,0.004075893268545214,0.19469245010251676,0.29551288724221153,0.26160262961185166,0.22738958323771707,0.01672655653715773,0.38686441625841667,4361.583594803878
11290770,장위2동,505587263,90584,86662,41640,0.3797625375608084,11~14,0.0,0.15911533760074079,0.3797625375608084,0.2836411005256268,0.16650030472804483,0.010980719584779178,0.4804874108605848,5581.419047513909
11290780,장위3동,472221548,92276,92044,26768,0.30038616007478386,11~14,0.0036109813200609657,0.1657026256780176,0.298767184669652,0.27902944834540894,0.2159862758709889,0.0369034841158716,0.2908174351397158,5117.490441718323
11290810,석관동,3360946723,448647,441809,211767,0.3079464653922941,11~14,0.009487479871287396,0.10924893060871754,0.3079464653922941,0.2389288804869268,0.2753069287242014,0.05908131491657273,0.4793179858264544,7491.294320479129
11305534,삼양동,154517767,14613,14553,4433,0.3051072028674274,14~17,0.0048399552544243244,0.08576925310068159,0.2855876830010206,0.26659647035168443,0.25836292431088714,0.09884371398130189,0.30461073318216175,10573.9934989393
11305535,미아동,2162372341,315246,310638,134153,0.3179812130362713,11~14,0.0009817050160444737,0.1448395758948634,0.3179812130362713,0.2609178198915373,0.23847013586039376,0.03680955030088977,0.4318628113752986,6859.317298236932
11305545,송중동,4679007244,727266,721500,329410,0.2638111937262363,17~21,0.037198034023878834,0.13009789225869742,0.2414527271948177,0.25030049682206457,0.26162046949572376,0.07933038020481771,0.4565627165627166,6433.694472173867
11305555,송천동,1182552067,209236,204916,66889,0.38582291358597587,11~14,0.00013136569882373517,0.1492432390208033,0.38582291358597587,0.2739336931200752,0.1700603128735446,0.020808475700777266,0.32642155810185636,5651.761967347875
11305575,삼각산동,1405669448,189794,186692,64485,0.29673570080999156,14~17,0.0,0.12777044141315025,0.2836973787697634,0.2882758387469278,0.27577363356681106,0.02448270750334748,0.3454084802776766,7406.290230460394
11305595,번1동,3161221311,493860,485333,247907,0.29046981228866875,11~14,0.007266075283031949,0.10164154652590539,0.28933304208521066,0.2477983774025539,0.2755946029555807,0.07836635574771739,0.5107977409325144,6401.047485117239
11305603,번2동,497586138,82620,79564,26203,0.41161840056422094,11~14,0.0,0.14870021847743098,0.41161840056422094,0.2748764830846085,0.16411747050078435,0.0006874273729552519,0.3293323613694636,6022.5870007262165
11305608,번3동,898147883,184947,181456,63964,0.330352117070264,11~14,0.0,0.1686000898700215,0.330352117070264,0.2919111586451627,0.19535312906956423,0.01378350534498757,0.3525041883431796,4856.244670094676
11305615,수유1동,532864038,87383,87343,42060,0.3451113139188815,14~17,0.0,0.1357588203105347,0.29609689387813165,0.33585537670225774,0.21254975965383072,0.019739149455245145,0.481549752126673,6098.028655459299
11305625,수유2동,159341579,27502,27227,14208,0.3027598851112103,11~14,0.025912200602554995,0.13080123508562652,0.28953364526985176,0.2222459237468655,0.26455763164517143,0.06694936364992977,0.5218349432548574,5793.817867791433
11305635,수유3동,6627344918,827863,803516,410776,0.274235218090337,11~14,0.009943512458973501,0.1312277072069935,0.26744184937680693,0.23481482603105108,0.2694885290098284,0.08708357591634659,0.5112231741496125,8005.364315110109
11305645,우이동,6346788721,502437,492803,169423,0.3663195325449816,11~14,0.004169303024769376,0.06985689393120618,0.3663195325449816,0.3129229169843548,0.21018760249185459,0.03654375102283341,0.3437945791726106,12632.00902998784
11305660,인수동,2810771626,339066,329380,140374,0.3481559692732755,11~14,0.001630169475586213,0.11796426861863181,0.3481559692732755,0.2825736836147239,0.20297855044307442,0.04669735857470818,0.4261764527293703,8289.747795414462
11320511,창1동,3950981801,591676,590648,282523,0.2783586598226204,17~21,9.945319189715965e-05,0.14382535880604336,0.2752189211513766,0.2654062986195281,0.27528969145162624,0.04016027677952863,0.47832719318443473,6677.6103830474785
11320512,창2동,478749401,80626,79542,27934,0.3300790851488834,11~14,0.0,0.13948386511348615,0.328436152165036,0.2931853896146124,0.21230804519615437,0.02658654791071108,0.3511855372004727,5937.903418252176
11320513,창3동,302863472,37010,36697,11623,0.3828802184138122,11~14,0.0002482918324449542,0.1595730824645352,0.37739166948475134,0.3255432007535593,0.13373565765331638,0.0035080978113928084,0.3167288879199935,8183.287543907052
11320514,창4동,2151574698,366177,356891,132837,0.3590765818954633,11~14,0.0038564805146789577,0.19065378878329464,0.3590765818954633,0.23273627732486324,0.1834764056195551,0.030200465862144765,0.37220607972742376,5875.777828754946
11320515,창5동,3810479674,641812,636455,248950,0.2856659792863327,11~14,0.006681566787464213,0.14570293254020067,0.2856659792863327,0.25977872888678777,0.2548215563085499,0.04734923619066475,0.391150984751475,5937.06517484871
11320521,도봉1동,2423580117,327540,326000,78021,0.33952591564158846,11~14,0.0,0.12478460497621799,0.33952591564158846,0.3020074348164761,0.22211108364822363,0.011570960917493857,0.2393282208588957,7399.340895768456
11320522,도봉2동,1292858230,179073,166495,62591,0.5098970870510878,11~14,0.0,0.18299284615577027,0.5098970870510878,0.2250764592481601,0.0792395401107347,0.0027940674342471295,0.37593321120754375,7219.727317909456
11320660,쌍문1동,1689171437,376270,375397,183327,0.38696765726997157,11~14,0.003140142110597397,0.20109528412364186,0.38696765726997157,0.2740266946235282,0.1263434651654751,0.008426756706785905,0.48835499484545697,4489.253559943658
11320670,쌍문2동,821468745,132655,126423,47752,0.36595817193806757,11~14,0.0009493002547623877,0.15835059155798153,0.36595817193806757,0.27166925677583115,0.18703939841847725,0.016033281054880083,0.3777160801436448,6192.520033168746
11320680,쌍문3동,1281081374,238330,236770,103495,0.3042782771483439,11~14,0.0,0.1338549630146719,0.30398788315518943,0.2598917152915802,0.2680581019387118,0.03420733659984668,0.4371119651982937,5375.2417824025515
11320681,쌍문4동,617687543,120734,120626,41141,0.33520288625874817,14~17,0.0,0.12202167980054102,0.3186249627793412,0.33294005805368865,0.21330037241417427,0.013112926952254828,0.3410624575133056,5116.102696837676
11320690,방학1동,4498476888,592212,582902,208137,0.30087948146490623,11~14,0.008464223253671636,0.14093663154050395,0.30087948146490623,0.2508207878451789,0.24257692031327155,0.05632195558246771,0.3570703137062491,7596.058316954064
11320700,방학2동,1034860052,244874,244363,72964,0.30200438482334724,11~14,0.010066527316705183,0.16777871941925845,0.30200438482334724,0.2638651336771699,0.21513133338408477,0.041153901379434484,0.29858857519346216,4226.091998333837
11320710,방학3동,1148802818,98424,95707,24789,0.3392979109996378,11~14,0.0,0.06045139403484288,0.3392979109996378,0.3098774093343907,0.23277509040977157,0.05759819522135711,0.2590092678696438,11671.978562139315
11350560,월계1동,3314618004,530437,522061,240370,0.3258380816599884,11~14,0.0004985143875144416,0.135136407706079,0.3258380816599884,0.2421930317254932,0.2518749429063848,0.04445902161454018,0.4604251227346996,6248.843885324742
11350570,월계2동,369884836,72628,72154,26174,0.33561685436291216,11~14,0.0,0.2087528060658137,0.33561685436291216,0.25396212253583456,0.18306305109510077,0.018605165940338855,0.3627518917870111,5092.868260175139
11350580,월계3동,942870695,173202,170661,55609,0.38784018412247584,11~14,0.0,0.1908843358614116,0.38784018412247584,0.2586195564415785,0.16090808880058663,0.0017478347739473814,0.32584480344073924,5443.763322594427
11350595,공릉1동,10246075602,1196830,1178022,617027,0.30473893591315393,14~17,0.007734803336229424,0.06840101259272606,0.27908911021725163,0.2882120433049553,0.28358141935681785,0.07298161119201975,0.5237822383622717,8561.011674172605
11350600,공릉2동,5347342989,966553,950265,508244,0.3841850427036372,11~14,0.0011835030289835233,0.1488401172018886,0.3841850427036372,0.2566491078972166,0.18131392789016634,0.027828301278107686,0.5348444907473179,5532.38465867883
11350611,하계1동,1896121933,255918,247100,90142,0.34249113026861494,11~14,0.0,0.19696994405060633,0.34249113026861494,0.24768845596408345,0.1995629842914333,0.013287485425262044,0.36479967624443543,7409.0995279738045
11350619,중계본동,2053890481,348953,345869,93938,0.3066538319005975,14~17,4.84487238223194e-06,0.13908311104090246,0.2731226783993753,0.3066538319005975,0.2558872198166411,0.02524831397010148,0.2715999410181311,5885.86566385731
11350621,중계1동,1262667826,218710,218312,61438,0.3673618070726605,11~14,0.00023623684922070414,0.11945425780047714,0.3673618070726605,0.31214093850813457,0.1929423437904156,0.007864415979091544,0.2814229176591301,5773.251456266289
11350624,중계4동,1701578475,353710,353467,117255,0.2853001409826472,11~14,0.000174121990714293,0.13315955043850913,0.28380534683207115,0.2586302197698219,0.26348130463779373,0.0607494563310898,0.3317282801506223,4810.659791919935
11350625,중계2?3동,4691199580,905437,900224,274795,0.32290673153681826,14~17,0.003496779705332407,0.13539225813561823,0.30913210773948613,0.31644124949279884,0.1985545558386006,0.03698304908816382,0.30525180399545004,5181.144110523427
11350630,상계1동,3511830532,595841,582776,199656,0.3001445572765322,11~14,0.0002648000346028095,0.15964662714221317,0.3001445572765322,0.27549502314844937,0.22982090867041016,0.034628083727792275,0.3425947533872363,5893.905474782702
11350640,상계2동,16548831975,2831401,2767433,1517236,0.2891682244876522,17~21,0.014741607103761913,0.12562001442412124,0.25008639992878845,0.24737346031581534,0.2891682244876522,0.07301029373986082,0.5482466964873224,5844.750346206702
11350665,상계3?4동,1711650351,347807,346716,128132,0.284126543636674,11~14,0.0009476869716739166,0.17975593090079056,0.284126543636674,0.2560609698158041,0.24225860602055693,0.036850262654500435,0.36955894738056505,4921.264813531642
11350670,상계5동,1827028072,256145,253313,102272,0.30471153731881806,14~17,0.006629320131252591,0.1388351264350873,0.2865304431139136,0.30471153731881806,0.23669570631259285,0.026597866688335567,0.40373766841812303,7132.788350348435
11350695,상계6?7동,5864325732,846805,825139,379376,0.3317542471546169,11~14,0.010158308620011566,0.13337835693142455,0.3317542471546169,0.24604973545731673,0.22657811795338884,0.05208123388324146,0.45977223231479786,6925.237489150395
11350700,상계8동,1382853931,342399,341925,161674,0.2664378128460786,17~21,0.017507001223335025,0.1567058920794941,0.25206954325596287,0.25263875183090095,0.24994201392220886,0.07113679768809819,0.4728346859691453,4038.720705960006
11350710,상계9동,1141354043,258773,256002,110352,0.2845659978900761,11~14,0.0,0.21894972830960174,0.2845659978900761,0.26743335311225036,0.20322408728421965,0.02582683340385218,0.4310591323505285,4410.638061157849
11350720,상계10동,585328605,72512,72512,41632,0.369718329105135,17~21,0.03569407790225445,0.06689314112274918,0.10255013457420767,0.20450971620555836,0.369718329105135,0.22063460109009536,0.5741394527802295,8072.161918027361
11380510,녹번동,2310753693,312837,295701,124347,0.3956620487170166,11~14,0.0006703143278406009,0.18536489011577392,0.3956620487170166,0.25983217471889714,0.1453633925416813,0.013107179578790502,0.4205159941968407,7386.446273938185
11380520,불광1동,3170933005,594958,588463,233739,0.3218961294601018,11~14,0.0,0.19615499457624724,0.3218961294601018,0.2655826423409988,0.19289350782372205,0.02347272579893006,0.3972025428956451,5329.675380447024
11380530,불광2동,796515954,110490,110025,36516,0.2977569715789766,14~17,0.009750597626856528,0.09760579702517778,0.2132896179361706,0.28317094606021354,0.2853787162627847,0.11080432508879685,0.33188820722563056,7208.941569372794
11380551,갈현1동,1925143090,299258,297972,146334,0.3059650041967832,17~21,7.195250355843054e-05,0.08131662774509511,0.2587846728884924,0.2861849203857359,0.3059650041967832,0.067676822280335,0.4910998348838146,6433.0547220124445
11380552,갈현2동,3622183014,468720,466505,227381,0.32571602742924716,17~21,0.006545086413840663,0.08676275831637556,0.20438622314181654,0.2764373393929089,0.32571602742924716,0.10015256530581117,0.48741385408516524,7727.818343573988
11380560,구산동,2043828113,301388,300242,116800,0.27363083999078697,11~14,0.0008712340297162347,0.15745689149022357,0.26983689121782317,0.257009869267925,0.2524856535920554,0.06233946040225664,0.38901952425043795,6781.385167956256
11380570,대조동,5273551428,930014,926578,370736,0.3102920484659048,14~17,0.004779238224350698,0.1132293409136725,0.2920291744420925,0.3089421517705524,0.24467172936687093,0.036348365282461034,0.4001131043473944,5670.400045590712
11380580,응암1동,1573940339,243163,236990,91674,0.35526249663130727,11~14,0.00012315423230227905,0.14273713209011615,0.35526249663130727,0.2975922670704747,0.18820783919816614,0.01607711077763341,0.38682644837334906,6472.778913732764
11380590,응암2동,14182637,440,440,33,0.5914576013134832,14~17,0.0,0.015479851333450327,0.13359786332769957,0.44701316105223116,0.18931501183893704,0.2145941124476819,0.075,32233.265909090907
11380600,응암3동,1265154972,232184,230392,91589,0.2893499534071433,11~14,0.011318334382189198,0.14544307250700306,0.2863734190006828,0.2635671614388539,0.24787321804166623,0.04542479462960482,0.39753550470502447,5448.932622402922
11380625,역촌동,1677201970,262846,257878,93993,0.3344365796394988,11~14,0.0019838853073280123,0.1728185285747486,0.3344365796394988,0.2582830334663113,0.18947565705850122,0.04300231595361206,0.36448630747873023,6380.930164430883
11380631,신사1동,2645514074,411446,410885,166000,0.27648157865740974,17~21,0.01825745595388521,0.12839466421303908,0.24586579515011336,0.23976631814235955,0.27648157865740974,0.09123418788319304,0.40400598707667595,6429.796556534758
11380632,신사2동,531124652,105946,105051,47970,0.24955298588469932,11~14,0.05512887545095128,0.1393621871304723,0.24955298588469932,0.21753633882479628,0.2155093862546991,0.12291022645438177,0.45663534854499244,5013.163800426632
11380640,증산동,1905520784,206060,204769,99289,0.2640323928372689,14~17,0.017600324316002922,0.14012488474373674,0.257741332499946,0.24987196508499926,0.2547494232593571,0.07991207009595792,0.48488296568328215,9247.407473551393
11380650,수색동,260791747,56672,55987,20089,0.3227023670958944,11~14,0.0,0.15918387992657795,0.3227023670958944,0.28911156244838854,0.21321506687185235,0.015787123657286767,0.35881543929840853,4601.774191840768
11380690,진관동,3624445889,502776,496486,219085,0.3509243542479497,11~14,3.986068497730537e-06,0.09616427982872741,0.34529393024135185,0.3246243724564162,0.1968725139958925,0.037040917409114284,0.44127125437575276,7208.868142075198
11410520,천연동,773475951,118372,115178,45901,0.38604567330425676,11~14,0.00031212110506116593,0.12361780690809988,0.38604567330425676,0.2261251136495823,0.22110318426922473,0.04279610076377516,0.39852228724235533,6534.281341871389
11410555,북아현동,66078029,11059,10980,2859,0.4771664072146836,11~14,0.0,0.1352408312489625,0.4771664072146836,0.2935278835816846,0.09406487795466936,0.0,0.2603825136612022,5975.045573740845
11410565,충현동,7135589233,769615,670849,337487,0.5256568137396557,11~14,0.004178322796535818,0.1646432665934544,0.5256568137396557,0.17821240876629502,0.08426780198734576,0.04304138611671338,0.5030744623603821,9271.634821306758
11410585,신촌동,46491172013,6349428,6226475,4191685,0.27688284157484955,17~21,0.013667536251363329,0.1200306751613931,0.26508611855915387,0.257727826058445,0.27584231771742856,0.06764552625221606,0.6732035381174741,7322.103977397649
11410615,연희동,17473140639,1671576,1636679,989211,0.3696571111252473,14~17,0.0011332707591050811,0.07663534960145976,0.3131839215815032,0.3696571111252473,0.21993134339915124,0.0194590035335334,0.6044013517617077,10453.09375044868
11410620,홍제1동,817742946,90917,88025,34003,0.3301396525235599,11~14,0.0,0.09841836819107286,0.3278814320094199,0.305450827838726,0.25039402612218475,0.01785534583859647,0.3862879863675092,8994.389894079215
11410640,홍제3동,993216196,141897,139427,64472,0.45257602014886095,11~14,0.004106985692336407,0.187388974832164,0.45257602014886095,0.25096376865988584,0.1029767475690605,0.0019875030976923345,0.4624068508968851,6999.557397267032
11410655,홍제2동,893120665,227984,226101,83896,0.31097589610262816,11~14,0.0,0.22197292971212562,0.31097589610262816,0.24148096189974436,0.20309139165566537,0.022478820629836478,0.37105541328875147,3917.4708093550425
11410660,홍은1동,710675830,146938,137122,42471,0.34986344333038266,11~14,0.00028090197880130716,0.15863437335901437,0.34986344333038266,0.2572735370078888,0.19154302074174012,0.042404723582172746,0.30973147999591605,4836.569369393894
11410685,홍은2동,1608436531,266419,263873,118248,0.3183447029032388,11~14,0.0024711263650904337,0.1718756479929893,0.3183447029032388,0.27691221474967703,0.1887672179359336,0.04162909005307089,0.4481246660325232,6037.24408169087
11410690,남가좌1동,108000000,12067,11502,4940,0.3583369259259259,11~14,0.0,0.17033905555555556,0.3583369259259259,0.2659506111111111,0.19471079629629628,0.01066261111111111,0.429490523387237,8950.029004723627
11410700,남가좌2동,3531387755,537441,535822,275241,0.2906719425936937,11~14,0.006183939200532811,0.11126055572820734,0.2771060162169161,0.28658681368396777,0.2598320493640421,0.059030625806333906,0.5136799160915378,6570.74498410058
11410720,북가좌2동,2101861117,351255,348609,141512,0.3254635259009348,11~14,0.001842489879281269,0.1429398633870378,0.3254635259009348,0.2645371573630335,0.23205953982548339,0.03315742364422927,0.4059332948948535,5983.861061052512
11440555,아현동,2564448532,369315,325955,169059,0.4018058409981853,11~14,0.004146335117513669,0.21895809261409938,0.4018058409981853,0.23367262411165585,0.12505701918273665,0.016360087975809203,0.5186574833949471,6943.797387054412
11440565,공덕동,3509044599,538050,498915,235606,0.4521881110575049,11~14,0.0014743408061291914,0.1951096352864509,0.4521881110575049,0.18402898721209426,0.11187903343683903,0.055319892200981685,0.4722367537556498,6521.7816169500975
11440585,도화동,10347181594,1727407,1579394,696989,0.37863591753669,11~14,0.0030904873550462323,0.20415474954204094,0.37863591753669,0.18926740720115098,0.18056263027578967,0.04428880808928218,0.441301537171852,5990.007910121934
11440590,용강동,4987014239,666375,603813,283220,0.42919410915927286,11~14,0.0042042984933479246,0.17938078765791438,0.42919410915927286,0.19534327815208902,0.09924512517619309,0.09263240136118273,0.46905250466617976,7483.79551903958
11440600,대흥동,5840770919,1118190,1105082,588938,0.32833977976161943,11~14,0.0017923099365827837,0.17408718986995794,0.32833977976161943,0.27201569938082915,0.19839127047311717,0.025373750577893556,0.532936017417712,5223.415447285345
11440610,염리동,5420246882,507576,472351,239659,0.4002272531026967,11~14,0.0,0.14216420476046104,0.4002272531026967,0.19473955429788192,0.20071590641220644,0.06215308142675389,0.507374812374696,10678.690249341971
11440630,신수동,3572595283,411656,385649,137751,0.39016566603919967,11~14,0.0,0.17514265058060224,0.39016566603919967,0.25149872817112834,0.15439290825263838,0.028800046956431374,0.357192680390718,8678.5939789533
11440655,서강동,15268186430,1668711,1634711,1185982,0.3035816145055816,11~14,0.025816750229943054,0.06690042647901737,0.28334707862321007,0.272302060173689,0.27482786143421917,0.07680582305992131,0.7254994919591292,9149.68884965701
11440660,서교동,115888550757,12736314,12334754,8628933,0.30592481622333917,14~17,0.01376336709726494,0.061770216682490615,0.25029727487042275,0.30592481622333917,0.2972891204751557,0.07095520465132679,0.6995626341635999,9099.065142159654
11440680,합정동,16914820434,2113709,2027287,1387730,0.2812091333449554,11~14,0.013242385595364501,0.11420107809030505,0.28007018697745967,0.26667742723403065,0.24813918585130823,0.07766973625153188,0.6845256739672281,8002.435734531102
11440690,망원1동,7330770210,940039,922130,581853,0.3219301692647343,14~17,0.011052652175967466,0.07438258777883264,0.29697709391748717,0.3219301692647343,0.24335988340449471,0.052297613458483674,0.6309880385628924,7798.368163448537
11440700,망원2동,2502866634,341250,331453,171567,0.31818358449441986,14~17,0.006208601134181745,0.09412106617520266,0.3039636886069221,0.31596450285792405,0.22258245653879738,0.05715968468697212,0.5176208994940459,7334.407718681318
11440710,연남동,17777956419,1485996,1446991,1056001,0.38149249529458046,14~17,0.0029655091154781902,0.04749291954070449,0.2483416983047561,0.38149249529458046,0.28936202691447954,0.030345350830001228,0.729790993862436,11963.663710400297
11440720,성산1동,3153602967,414848,384886,190200,0.4154537507157655,11~14,0.0005767307091879418,0.14940189586139224,0.4154537507157655,0.2994898143046894,0.123917557856151,0.011160250552813836,0.49417230036946,7601.827577811632
11440730,성산2동,5270960753,825027,806068,382343,0.4037604101936284,11~14,0.0,0.1522841333994575,0.4037604101936284,0.27020702415363973,0.15733295768421693,0.016415474569057367,0.47433094974617523,6388.8342478488585
11440740,상암동,26256902225,3416461,2816318,1635810,0.44118394637381053,11~14,0.0036294230877602688,0.2266034556422454,0.44118394637381053,0.1869550196028499,0.11241535211925999,0.029212803174073928,0.5808328462907952,7685.409616852058
11470510,목1동,15896521184,2787242,2703761,957577,0.2993429379608712,11~14,0.009200121698709193,0.16462337707250235,0.2993429379608712,0.23325608277106974,0.23458568125916401,0.05899179923768354,0.3541648096854715,5703.31574509856
11470520,목2동,1507837606,237304,232978,137258,0.2289818787745938,11~14,0.11703580004573526,0.12461387084263766,0.2289818787745938,0.17038927410220647,0.1999798204233297,0.1589993558114971,0.5891457562516632,6354.0336698917845
11470530,목3동,2089193972,465632,464978,214134,0.3044541652447917,11~14,0.0,0.15846142860084347,0.3044541652447917,0.26354244934982307,0.24519348312791614,0.028348473676625685,0.46052501408668794,4486.792084736444
11470540,목4동,370866453,62898,61365,25541,0.35398041117366774,11~14,0.0,0.1305457194137646,0.35398041117366774,0.2839823073014402,0.2094661510847985,0.022025411026328948,0.41621445449360384,5896.315510827053
11470550,목5동,4085951552,879890,869272,221710,0.2867816726491088,11~14,0.0,0.1530456292350419,0.2867816726491088,0.26850858771177183,0.24403380043921805,0.04763030996485942,0.2550525037042491,4643.707227039744
11470560,신월1동,517867138,90396,89722,35196,0.31343970836539375,11~14,0.0001555469950396737,0.13336336089931136,0.30694735740628226,0.30586631298003686,0.22470548163481602,0.02896194008451381,0.3922783709681015,5728.872273109429
11470570,신월2동,562358765,57742,57105,21620,0.26171513158138665,11~14,0.0031892179265327943,0.09793563472961103,0.2614631095596589,0.21479521727650083,0.21395710447826186,0.20865971602943462,0.3786008230452675,9739.16326071144
11470580,신월3동,782006847,165417,164857,61881,0.285192054254499,11~14,1.4303797527543246e-05,0.1875676307073302,0.285192054254499,0.2577830886607635,0.23386959763057746,0.035573324949302355,0.3753616770898415,4727.487785415042
11470590,신월4동,827406471,164080,163789,55291,0.3208192532954548,11~14,0.0,0.16718959955657997,0.3208192532954548,0.2639017772395611,0.22124080444704997,0.02684856546135413,0.3375745623943,5042.701554119942
11470600,신월5동,1323534812,285427,279011,98975,0.3020453507987323,11~14,0.005698771011309299,0.2439597625599017,0.3010628334599387,0.24751812564586542,0.16237498897293767,0.03938551835004719,0.35473511797025925,4637.03438006916
11470610,신월6동,222602994,42564,42546,15461,0.2868845034275021,11~14,0.0,0.15407396854962527,0.2861137649856898,0.26838464734719597,0.2588684295824907,0.03255918953499827,0.36339491374042215,5229.841979137299
11470611,신월7동,425679503,75542,75355,20534,0.32466288073587096,11~14,0.01368248302246628,0.1647222566833947,0.32466288073587096,0.2505846649446509,0.2012390044288943,0.04510871018472285,0.272496848251609,5635.004408143814
11470620,신정1동,1519737232,174709,168518,55018,0.4339451964816683,11~14,0.0,0.1506967568240103,0.4339451964816683,0.22389413658239693,0.18429814331899522,0.007165766792929322,0.32648144411872915,8698.677412153924
11470630,신정2동,1168684793,185096,180824,53824,0.3837995142539948,11~14,0.0002387847910960483,0.11420168641243433,0.3837995142539948,0.30024720496615087,0.18091639462509485,0.020596414951229106,0.29765960270760516,6313.938675065911
11470640,신정3동,4328203375,600608,590006,229353,0.28059329995581206,11~14,3.218767370598179e-05,0.1578626201525833,0.27124159921514857,0.25795596998384834,0.26286509117825935,0.05004253179645448,0.38872994511920217,7206.36983689861
11470650,신정4동,4045182800,622181,605477,274158,0.35700105197849463,11~14,0.0077401010431853955,0.14752656546500137,0.35700105197849463,0.24156875744895376,0.20892987119028847,0.03723365287407633,0.4527967206021038,6501.617375008237
11470670,신정6동,1710570339,289185,288317,96904,0.4514532706617676,11~14,0.0,0.24126815541586447,0.4514532706617676,0.24191945594041148,0.06062584765805476,0.0047332703239017105,0.33610227631391837,5915.141999066342
11470680,신정7동,4180223038,884503,855931,236112,0.3544681428807318,11~14,6.09212675237184e-05,0.1831260942227036,0.3544681428807318,0.26332944290991933,0.18495405413179963,0.014061344587321927,0.2758540115967292,4726.069937580765
11500510,염창동,8449444695,1737572,1642269,818589,0.3735958765305825,11~14,0.0003409688908905745,0.19414001988332813,0.3735958765305825,0.22652141500763137,0.1765274771418931,0.028874242545674302,0.49845001032108627,4862.7882441706015
11500520,등촌1동,9843053864,1325542,1239821,668354,0.4155910277367262,11~14,0.004364767243042862,0.19048924067930495,0.4155910277367262,0.19854844168323477,0.16224575106629363,0.02876077159139761,0.5390729790832709,7425.682372946312
11500530,등촌2동,1024745073,136045,134374,65002,0.2921164245906663,11~14,0.0,0.14530221281166078,0.2921164245906663,0.26483824294820935,0.24615859311880883,0.05158452653065475,0.4837394138747079,7532.397905104928
11500535,등촌3동,4352034786,723316,707119,274882,0.3188743378254971,11~14,0.0010882745174636932,0.12696095703479723,0.31512322151809863,0.28368468141280473,0.22786145292901203,0.04528141258782369,0.3887351351045581,6016.782133949753
11500540,화곡1동,7191702925,939102,937093,539530,0.2982833084101853,17~21,0.00249094756899895,0.08110648240656565,0.26121265404947935,0.27211481831725853,0.2982833084101853,0.08479178924751221,0.5757486183335059,7658.063687437573
11500550,화곡2동,189236605,26616,26060,11159,0.4108252084326748,14~17,0.0,0.09541253379804535,0.3569364044384663,0.38946318236302446,0.15658934172423608,0.0015985376762278,0.42820414428242515,7109.881462278328
11500560,화곡3동,3325136190,615618,609909,315045,0.29055473055974124,17~21,0.0,0.13491452890539363,0.2650720034021786,0.2654499985454144,0.28164449065150254,0.052918978495510804,0.5165442713585141,5401.297866534117
11500570,화곡4동,1920082163,303040,298342,122525,0.2846139122598241,11~14,0.004942392444632343,0.13489385403534693,0.27198351565660894,0.2520870555110877,0.26969367140704603,0.066399510945278,0.41068639346789926,6336.068383711721
11500590,화곡본동,914371447,176608,175689,76938,0.29580155358636195,11~14,0.0,0.1522562818696831,0.29579530296033096,0.27653687557477064,0.2360325062121607,0.039379033383054596,0.4379215545651691,5177.406725629643
11500591,화곡6동,3665936647,487564,473464,239552,0.34761252076615917,11~14,0.009333563210413714,0.13328586327881023,0.34761252076615917,0.2122457778150653,0.233885961208013,0.06363631372153859,0.5059561022590947,7518.882950751081
11500593,화곡8동,947060470,146454,144042,68902,0.3413729141324324,11~14,0.0013382920197706014,0.09802093840749734,0.3413729141324324,0.2720445708885361,0.2501531187771756,0.03707016577458795,0.47834659335471597,6466.607057506111
11500603,가양1동,8692274489,1306731,1174793,665854,0.4529787831349318,11~14,0.0021505625640554035,0.15963991073824887,0.4529787831349318,0.1924750767519207,0.15989537185842342,0.03286029495241985,0.5667841057956593,6651.923379027512
11500604,가양2동,531343428,102274,100855,47974,0.3137907994914414,11~14,0.0,0.15358413790079595,0.3137907994914414,0.29321953114172394,0.22464296623213695,0.014762565233901723,0.4756729958851817,5195.293310127696
11500605,가양3동,1051162557,216010,191037,86825,0.4787214606910867,11~14,0.0,0.30245330794954556,0.4787214606910867,0.1684080654536382,0.05041716590572959,0.0,0.4544931086648136,4866.268029257904
11500611,발산1동,8035603747,1384429,1352023,537529,0.3029972796010984,11~14,0.00023200637160640495,0.21158607849588296,0.3029972796010984,0.23877143905604353,0.19639844153145777,0.050014754943910944,0.39757385784117577,5804.272914681793
11500615,우장산동,2860443616,318985,311890,124015,0.2889139907027781,17~21,0.000443829261521992,0.11379336037414839,0.27478528283709297,0.26996932638466614,0.28838962713284744,0.052618574009723064,0.39762416236493636,8967.329548411368
11500620,공항동,1854650595,264443,249157,115797,0.40024876776475315,11~14,0.0,0.15154653578945973,0.40024876776475315,0.2395021314310925,0.1939669331204785,0.014735631894216124,0.4647551543805713,7013.422911553718
11500630,방화1동,2400088404,461327,452034,174230,0.3596578733216065,11~14,0.0022158539905167527,0.1832306941723097,0.3596578733216065,0.2532049060891834,0.17681972013020697,0.02487095229617669,0.3854356088258848,5202.575188532212
11500640,방화2동,1283998060,217391,210045,89691,0.354443422249524,11~14,0.001169426651659604,0.1672737687054783,0.354443422249524,0.23593987711272232,0.20963433945635393,0.031539165824261806,0.42700849817896164,5906.399344959083
11500641,방화3동,2256999624,413034,401053,145000,0.39532587554572574,11~14,0.0,0.17311431567251964,0.39532587554572574,0.24210190639017537,0.17153829844756685,0.01791960394401237,0.3615482242995315,5464.440273682069
11530510,신도림동,2797383765,378629,370364,188005,0.31905700614848087,11~14,3.1958551252675304e-05,0.1477851499878761,0.3116502955511615,0.2675134978877462,0.22618683571411596,0.04683226230784755,0.5076222311023749,7388.192042870462
11530520,구로1동,373063528,76127,75662,27274,0.3049021845628539,11~14,0.0,0.20003639679526275,0.3049021845628539,0.2571665082829806,0.21916288070634574,0.018732029652556974,0.3604715709338902,4900.541568694419
11530530,구로2동,4158708643,544341,435352,158904,0.4871244417842535,11~14,0.0021819489958056324,0.21333949710921205,0.4871244417842535,0.17943658482099586,0.10405618280798531,0.013861344481747598,0.3650011944357669,7639.89602657158
11530540,구로3동,24596182044,3867324,3550357,2140179,0.4179100348574638,11~14,0.003238910328618897,0.23400207936841683,0.4179100348574638,0.17439886062460674,0.1308793870795236,0.03957072774137017,0.6028067036638851,6360.000363041731
11530550,구로4동,2412000409,465673,458435,184499,0.30340402459212623,11~14,0.0014018005223810717,0.13928818607832477,0.30340402459212623,0.2692447221928609,0.24617021608520812,0.04049105052909895,0.40245400111248053,5179.601155746629
11530560,구로5동,8390206117,1220031,1167604,570545,0.342290495078464,11~14,0.0009369361244439591,0.15562078067242563,0.342290495078464,0.2596903879146937,0.21665978386825263,0.024801616341720144,0.48864597928749814,6877.043384143518
11530595,가리봉동,334813309,53269,52146,27518,0.34840413544029686,11~14,0.0,0.10839263761472824,0.34840413544029686,0.2536727118082243,0.2657176751377699,0.0238128399989807,0.5277106585356499,6285.331224539601
11530720,고척1동,3110275165,522197,508082,256843,0.29702040239197347,11~14,0.0036265820110965635,0.15596653305145194,0.29702040239197347,0.2558179202973335,0.23580151346275513,0.05176704878538935,0.5055148578379081,5956.1337292247945
11530730,고척2동,875668994,130087,127731,48495,0.34850130518152156,11~14,0.0,0.1430189182592781,0.34850130518152156,0.29912893149973885,0.17895651170304896,0.030394333356412534,0.37966507738920074,6731.41047145372
11530740,개봉1동,1712587746,309967,305979,132468,0.32858832501622504,11~14,0.004070147651331561,0.15453837201148407,0.32858832501622504,0.27648823846885834,0.20191711420991296,0.034397802642188044,0.43293167178139674,5525.064752054251
11530750,개봉2동,2264019390,351322,350633,151042,0.2856318602443596,11~14,0.0,0.14886172123972152,0.27464577722092653,0.26244544419713844,0.27449892675351417,0.03954813058869931,0.43076949402936976,6444.285840340201
11530760,개봉3동,703649907,122625,121474,50346,0.33070628554879133,11~14,0.0,0.20371609006551678,0.33070628554879133,0.2787400026214172,0.1702230173652341,0.01661460439904068,0.41445906119828113,5738.225541284403
11530770,오류1동,1723163085,296712,294383,166714,0.29156303531821987,14~17,0.0,0.14186365203813095,0.2730372729712113,0.290574783848052,0.25594293243520905,0.03858135870739671,0.566316669101137,5807.527450861441
11530780,오류2동,1128630231,238416,236319,96606,0.30994130799273956,11~14,0.0005498341467208753,0.17708555341794233,0.30994130799273956,0.2721601399263473,0.21606768077540642,0.02419548374084354,0.4087948916506925,4733.8695012079725
11530790,수궁동,1026108890,150128,145653,60172,0.3842326999392863,11~14,0.0,0.15718152287318093,0.3842326999392863,0.2755093013063967,0.17075070883528803,0.012325767045847957,0.41311885096771095,6834.893490887775
11530800,항동,280653492,39291,38813,9157,0.46574027350716785,14~17,0.0,0.07207524896765793,0.3289935323333254,0.46574027350716785,0.1327202840465693,0.00047066114527950776,0.23592610723211296,7142.946018172101
11545510,가산동,49221441045,8362144,7627040,4396385,0.44283100071059545,11~14,0.0004329536763464064,0.2844173399082375,0.44283100071059545,0.17956484389125155,0.08437419066566007,0.008379671147909036,0.5764208657618158,5886.222605709732
11545610,독산1동,4026861596,710391,686407,345222,0.34667802063222103,11~14,8.55085390061494e-05,0.1735829091973121,0.34667802063222103,0.26236391054757224,0.19998410334008015,0.017305547743808335,0.5029406751388025,5668.514375885956
11545620,독산2동,485117080,103609,103501,44012,0.3230338299973259,11~14,0.0,0.14766052748501401,0.3230338299973259,0.2714175561807449,0.2196022084364239,0.038285877900491275,0.4252326064482469,4682.190543292571
11545630,독산3동,1902190754,352746,351432,148744,0.3054376148297613,11~14,0.002873098786623225,0.1390417767866165,0.3054376148297613,0.2643075229985903,0.23711504451045623,0.0512249420879525,0.4232511552732819,5392.522534628316
11545640,독산4동,938800285,152762,152252,78720,0.280869410776442,17~21,0.042906500192303826,0.12686297069748323,0.21997716731940167,0.23076626056575858,0.280869410776442,0.09861769044861068,0.5170375430207813,6145.509256228644
11545670,시흥1동,5626250619,890062,865434,355190,0.3003817143021278,11~14,0.0009504407452347221,0.1724837355681512,0.3003817143021278,0.2607326656813143,0.22834182158599325,0.037109622117178706,0.4104183565702295,6321.1895564578645
11545680,시흥2동,271207773,44107,44041,16456,0.3661310411483709,11~14,0.0,0.18711924333883745,0.3661310411483709,0.2793562982313209,0.16733416735346468,5.924992800602311e-05,0.3736518244363207,6148.860112907249
11545690,시흥3동,216326285,25945,25065,8806,0.3808534644396286,11~14,0.0024780480331598226,0.11408853584400777,0.3808534644396286,0.2553423745377179,0.21451468746436264,0.0327228896811233,0.35132655096748455,8337.879552900366
11545700,시흥4동,451673789,100207,100041,35304,0.3263023165932451,11~14,0.0,0.18064394554305063,0.3263023165932451,0.2781900305843481,0.18873418238530054,0.026129524894055612,0.3528953129217021,4507.407556358338
11545710,시흥5동,576476891,107918,107240,42163,0.30376157181661523,11~14,0.0,0.14073174037275699,0.3017671884804447,0.2747216605450965,0.23981709582630356,0.04296231477539818,0.39316486385676985,5341.804805500473
11560515,영등포본동,3675735037,584817,580000,276205,0.28258670718682993,11~14,0.0008006115967231085,0.1677224077071913,0.2692706691140278,0.26428104991723805,0.27405171581201204,0.023873545852807692,0.47621551724137934,6285.2739181658535
11560535,영등포동,19247794165,2426718,2347618,1369461,0.2769799801466859,17~21,0.014181766200761795,0.11738627108017577,0.2659428012584031,0.2522917878764793,0.2728347065128255,0.07736266707135458,0.5833406457098216,7931.615525578168
11560540,여의동,94007924659,10089074,8263062,4221138,0.4743694953250705,11~14,0.006112922242055649,0.22805574008812438,0.4743694953250705,0.15797399068811432,0.097963916728029,0.03552393492860616,0.5108442850846333,9317.795137492301
11560550,당산1동,8016777049,1044490,967952,467597,0.39831983209088506,11~14,0.007948269954796314,0.2012124926432888,0.39831983209088506,0.19246467430587139,0.17197976346292487,0.028074967542233573,0.4830787063821346,7675.302826259705
11560560,당산2동,17149661987,1843334,1744000,947165,0.30970302674420813,11~14,0.0003378353621353111,0.11443291024978672,0.30235322779392454,0.22494886293095515,0.3029892464518795,0.05493791721131875,0.5430991972477064,9303.610733052175
11560585,도림동,339114233,46468,45842,23845,0.30298873410880095,11~14,0.00030325662057641834,0.14591255642926754,0.2920435320415388,0.2834522154058685,0.2240282808935992,0.05426015860914951,0.5201561886479648,7297.80134716364
11560605,문래동,17247776982,2089535,1931144,961480,0.39770734141548364,11~14,0.0008306370103772909,0.1483798624192201,0.39770734141548364,0.22610446124425476,0.19455113244084632,0.03242656546981788,0.4978810487462354,8254.361368438433
11560610,양평1동,3634875711,664429,591565,306694,0.46389725655163394,11~14,2.278430375632725e-05,0.27310857755770546,0.46389725655163394,0.1716456894312299,0.08164910666952235,0.00967658548615201,0.5184451412777971,5470.675890125205
11560620,양평2동,9807252192,1477663,1324570,705346,0.4329214192443067,11~14,0.0022817439220237535,0.215825137248656,0.4329214192443067,0.21294997362576173,0.11785506179592262,0.01816666416332919,0.5325094181507961,6637.001936165418
11560630,신길1동,1779302581,356408,352048,164005,0.3095160479904696,11~14,0.001091697850284228,0.18563696234122648,0.3095160479904696,0.2291025593889627,0.22485245224903966,0.04980028018001732,0.4658597691223924,4992.31942324527
11560650,신길3동,86500262,15903,15656,9942,0.29971192024353743,11~14,0.001960985081901236,0.10957913249771457,0.2733767255754166,0.25873100403619664,0.22096105130253044,0.1353911015062405,0.6350281042411855,5439.241778280828
11560660,신길4동,613587374,132942,132508,55874,0.28992895092555,11~14,0.00015607784871313492,0.19698974783357714,0.28992895092555,0.2646893414138326,0.2210288076459861,0.027207074332341007,0.4216651070124068,4615.451655609213
11560670,신길5동,395641047,49234,47941,22996,0.33615004868814313,11~14,0.0,0.09457783309778146,0.3337215492708021,0.3191955736025589,0.23913503948713913,0.013370004541718394,0.4796729313114036,8035.931409188772
11560680,신길6동,3244053460,432241,410303,181344,0.36132816917364485,11~14,0.02914297036494846,0.11763153152091946,0.36132816917364485,0.23102698348782727,0.20818826906866095,0.05268207638399901,0.4419758081222901,7505.196082740878
11560690,신길7동,1098080975,218653,215664,83849,0.41038513564877277,11~14,0.0,0.217955178835001,0.41038513564877277,0.2397564048227613,0.12376113304940514,0.008142147644059754,0.38879460642480895,5022.025652517917
11560700,대림1동,1285633607,147416,139754,62970,0.3278980791460425,11~14,0.003569265810236499,0.30434060219037434,0.3251516127166894,0.19215446559750124,0.14866803636910278,0.02611601731609574,0.45057744322166093,8721.1266551799
11560710,대림2동,996876032,144542,142641,65032,0.3091990997191874,11~14,4.1405814727312796e-05,0.13197213258312587,0.3091990997191874,0.29073395099705956,0.22100945688267679,0.04704395400322302,0.4559137975757321,6896.791465456407
11560720,대림3동,2251197346,197938,189305,76675,0.29430149479587514,11~14,0.0006228996463761488,0.27167630271293647,0.2784958799301228,0.2462220863333942,0.16948913515111902,0.03349369622605131,0.4050342040622276,11373.244884761894
11590510,노량진1동,6476249513,1276919,1272326,831530,0.2849630305041747,17~21,0.001188805390966528,0.15518076248753926,0.2501199540707659,0.2437368520525443,0.2849630305041747,0.06481059549400925,0.653551055311296,5071.777859832926
11590520,노량진2동,2678645673,573597,557203,299936,0.36306798217518876,11~14,0.0,0.2408907694708933,0.36306798217518876,0.20771455794701918,0.15396777386930743,0.034358916537591315,0.5382885591068246,4669.908791363971
11590530,상도1동,9854064534,1667860,1654290,1004055,0.296903254751409,11~14,0.005965279560139205,0.1125686370387582,0.296903254751409,0.262499037151651,0.25395032004245016,0.06811347145559249,0.6069401374607838,5908.208443154701
11590540,상도2동,2571809121,454192,444910,188892,0.36579213990000026,11~14,0.010606040533372026,0.17841243872141538,0.36579213990000026,0.24499431770395091,0.15808769211340737,0.04210737102785405,0.4245622710211054,5662.383135326029
11590550,상도3동,1487472125,297469,296529,143924,0.30252751620488105,11~14,0.013965109745315916,0.1142338450591411,0.30252751620488105,0.28151825856329415,0.24604730417430093,0.04170796625306681,0.48536230857690144,5000.427355455527
11590560,상도4동,1124000568,181522,179731,75102,0.34193880690833967,11~14,0.00029005992876778475,0.1467403443957334,0.34193880690833967,0.28736054094429897,0.20012445562349263,0.023545792199367553,0.4178577985990174,6192.090038672998
11590605,흑석동,8087158311,1319404,1291497,705041,0.3555336519573159,11~14,0.00407482600486801,0.18994506619505835,0.3555336519573159,0.23374185071487846,0.1804711498482327,0.036233455279646595,0.5459099014554428,6129.402602235555
11590620,사당1동,7147895275,866959,816513,453044,0.3378107412119418,17~21,0.000279427047698247,0.08611664004220998,0.2542300657663578,0.26859643118451826,0.3378107412119418,0.05296669474727388,0.5548521578958326,8244.790439916997
11590630,사당2동,7366705088,974940,963219,444218,0.3257144715319908,17~21,0.00216714853211797,0.09532385159859226,0.24313793910881315,0.2585629821930117,0.3257144715319908,0.07509360703547407,0.4611806868427637,7556.05995035592
11590640,사당3동,1529501862,218523,212669,73665,0.3009708868778589,11~14,0.0037424848688271603,0.09567383128884516,0.3005612211499296,0.28266481556784007,0.23528704829537805,0.08207059882917991,0.34638334689117833,6999.2717562911
11590650,사당4동,203308633,27567,27451,16481,0.3551448388264554,17~21,0.0004991905238909273,0.04372850543381071,0.2626803541776943,0.3035936199398326,0.33495293967493395,0.054545390249837566,0.6003788568722451,7375.072840715348
11590651,사당5동,1103785899,241895,239375,108395,0.30452515284497866,11~14,0.0,0.1631341575127604,0.30452515284497866,0.2723108827206426,0.23619297188334143,0.023836835038276914,0.45282506527415145,4563.078604353129
11590660,대방동,4086001278,585602,569581,302903,0.2789380686711008,11~14,0.013336069886002224,0.14898695601955464,0.2789380686711008,0.24305239891174102,0.2516078698346338,0.06407863667696757,0.5317996913520641,6977.4373687248335
11590670,신대방1동,1395684249,265055,263295,154787,0.32087538352106465,11~14,0.0,0.18610955455133366,0.32087538352106465,0.26460056383036257,0.21417036877890108,0.01424412931833801,0.5878843122733056,5265.640146384712
11590680,신대방2동,11352017752,1832030,1732968,869579,0.3938305218216671,11~14,0.0006156081874575408,0.22249993151813496,0.3938305218216671,0.21076947805993237,0.14882668976635616,0.023457770646451902,0.5017859533470901,6196.414770500483
11620525,보라매동,3832386164,407677,402723,213186,0.3577630363331708,11~14,0.007559471771652028,0.10452710467491878,0.3577630363331708,0.3101748563250212,0.18478099457174987,0.035194536323487326,0.529361372456999,9400.545441611865
11620545,청림동,193289802,28872,28456,10459,0.3485690107538835,11~14,0.0,0.2267761021265654,0.34658069001883685,0.3169669708321743,0.10871453085206668,0.0009617061703568015,0.36754990160247397,6694.714671654197
11620565,성현동,265648542,38354,37918,12965,0.3753072759391098,11~14,0.006289954722978026,0.15756088815469155,0.3685176116669259,0.3381248993055733,0.11471949363464166,0.014787152515189477,0.34192204230180917,6926.227824998697
11620575,행운동,7302146112,651472,629690,336854,0.37030837476421624,21~24,0.0033209498453876554,0.06693439433394695,0.16855766473347814,0.17137023678748184,0.21950837953548916,0.37030837476421624,0.5349521192967969,11208.687575214284
11620585,낙성대동,3415820088,391944,377273,259485,0.3760271274796972,17~21,0.015851171246116843,0.036706989883104904,0.21567805703177928,0.2411067246288017,0.3760271274796972,0.11462992973050008,0.6877910690666971,8715.071765354234
11620595,청룡동,4617666569,718434,705890,447270,0.28603311373397944,17~21,0.004327280197246511,0.10934982632483567,0.2639237107313481,0.25566887791587734,0.28603311373397944,0.08069719109671289,0.6336256357222797,6427.405397016289
11620605,은천동,2611126417,388171,385837,187254,0.2849267132103183,14~17,0.012684271863028462,0.10048283236989829,0.2719570975073743,0.2804179620937366,0.27946720234811084,0.054990633817851554,0.485318930014488,6726.742639197673
11620615,중앙동,2036578567,377377,365659,221359,0.2960600196486873,11~14,0.01353604237688061,0.1353194430715442,0.2960600196486873,0.2553417599132894,0.24890026775126017,0.050842467238338365,0.6053700305475866,5396.6684959602735
11620625,인헌동,4050627932,684560,661176,391542,0.31033610380462584,11~14,0.0027102300846147806,0.12981396178331941,0.31033610380462584,0.2572770283882797,0.23088011226992025,0.06898256366924002,0.5921902791389887,5917.126229987145
11620630,남현동,3465352078,652078,647191,350435,0.2959275015962822,11~14,0.0,0.12026857829248007,0.2959275015962822,0.26397544030200365,0.2701305993193496,0.04969788048988446,0.5414707559283117,5314.32141246906
11620645,서원동,10474691152,1609927,1606751,1101689,0.34210121782418,17~21,0.015426839770595769,0.0714924339458124,0.18612434080099693,0.24832074939085153,0.34210121782418,0.13653441826756335,0.6856625575462533,6506.31435586831
11620655,신원동,532273736,100220,99467,46995,0.3614923811305898,11~14,6.059047761879936e-05,0.15850009906951176,0.3614923811305898,0.25593075046120367,0.2075074249770135,0.016508753884062515,0.47246825580343227,5311.05304330473
11620665,서림동,1121842166,206667,202033,122837,0.2916521924537164,11~14,0.04746687361917916,0.140979508419316,0.2916521924537164,0.242958895130241,0.2287284707616348,0.04821405961591264,0.6080046329065054,5428.2597899035645
11620685,신사동,606161764,93878,93186,57785,0.3015718878235593,17~21,0.038842910689135424,0.10051478225462623,0.20353265778166266,0.27427915745313636,0.2771618981790102,0.1056685936424291,0.6201038782649754,6456.909648692985
11620695,신림동,6630851223,1133748,1118206,761884,0.28940040743930967,14~17,0.049797068805227364,0.11101653927782584,0.21084047376928103,0.28940040743930967,0.24182882441171766,0.09711668629663842,0.6813449400199963,5848.611175499317
11620715,난향동,92419395,13129,13001,5946,0.44109545718408516,14~17,0.0,0.009502928734052861,0.16401730392820432,0.406465164680807,0.39721948490780495,0.022795117749130844,0.4573494346588724,7039.332393937086
11620725,조원동,2926697812,342995,337762,179803,0.294883212573577,11~14,0.010191678025263431,0.10876094597151442,0.2831462907550573,0.2520403630088861,0.2613794400739874,0.08448128216529131,0.5323363788703288,8532.771066633624
11620735,대학동,6409808584,1140607,1123798,652420,0.2782566621741881,11~14,0.004201782244235786,0.14281923957759718,0.2782566621741881,0.23577294958926368,0.2712975431471043,0.0676518232676109,0.5805491734279649,5619.646893277
11620745,삼성동,12606307,1924,1849,727,0.5831495266608138,14~17,0.0,0.08434840342381328,0.23264187770376132,0.5831495266608138,0.09986019221161156,0.0,0.3931855056787453,6552.134615384615
11620765,미성동,908506006,173969,172762,71622,0.305254310423653,11~14,0.001176556760585462,0.14099287023645754,0.305254310423653,0.28454358109948297,0.23434549138605706,0.03368719009376394,0.4145703337539505,5222.229282228443
11620775,난곡동,1482787399,365331,365331,155421,0.28057239001559764,11~14,0.0,0.1816968697070568,0.28057239001559764,0.26286433807798887,0.2379485712773924,0.03691783092196429,0.425425162386986,4058.750554976172
11650510,서초1동,12126752673,1744788,1521530,735629,0.4002752234606837,11~14,0.014879820086161254,0.1954462901027446,0.4002752234606837,0.2013354605589464,0.1491266935473931,0.03893651224407088,0.48347978679355647,6950.272854352505
11650520,서초2동,26041084260,3852905,3462045,1770865,0.4535201762371438,11~14,0.0002328742683985735,0.2068187384418918,0.4535201762371438,0.18920009139457278,0.13175697194192967,0.01847114771606336,0.5115083714971931,6758.818154094119
11650530,서초3동,40938121305,4960378,4200893,1951878,0.4475297365397452,11~14,0.012600391582161573,0.18503004254897543,0.4475297365397452,0.1942002709736492,0.13215763771524486,0.02848192064022377,0.4646340670900211,8253.024528574233
11650531,서초4동,22305430333,2878643,2599396,1517002,0.35870516582828876,11~14,0.005854305555805583,0.15666959071436795,0.35870516582828876,0.22876562219083296,0.2029422132392557,0.047063102471449056,0.5835978819695037,7748.592073765312
11650540,잠원동,9510063432,1230193,1091495,595976,0.43546993306697934,11~14,0.004860292027799615,0.16206354563136577,0.43546993306697934,0.20732261954157005,0.14515162242070578,0.045131987311579476,0.5460180761249479,7730.545883450808
11650550,반포본동,244558888,25578,24102,8229,0.5563340683938127,11~14,0.0006502557252652916,0.18891662786963806,0.5563340683938127,0.2488043262924726,0.0052947217188113235,0.0,0.3414239482200647,9561.298303229338
11650560,반포1동,7859349092,1135151,1064936,583306,0.2968984804179573,11~14,0.011278711688552424,0.1153737484388132,0.2968984804179573,0.23216950857490232,0.24805000617177175,0.09622954470800303,0.5477380800348566,6923.615529563908
11650570,반포2동,808646214,71010,66150,20568,0.4122037391370097,11~14,0.0,0.06951540675951633,0.4122037391370097,0.29655795798477935,0.2174499256550577,0.004272970463636903,0.3109297052154195,11387.779383185467
11650580,반포3동,2974859977,460568,442545,136832,0.29863559387012206,14~17,0.0,0.12928696088341352,0.28116180804367186,0.29734393918749324,0.24728710772045168,0.044920184164969706,0.30919341535889006,6459.111308210731
11650581,반포4동,13471359259,1912853,1800311,572517,0.34057929551082056,11~14,0.003561807829224145,0.21384106402667277,0.34057929551082056,0.2575954494150423,0.14885938193987255,0.035563001278367666,0.3180100549293983,7042.548099095958
11650590,방배본동,16912211595,1948224,1830299,710423,0.32567940205801393,11~14,1.7560630244432507e-05,0.18382944544467755,0.32567940205801393,0.2214024374957798,0.20687012034842261,0.062201034022861625,0.38814587124835886,8680.835260729773
11650600,방배1동,7626952723,867340,816744,366121,0.351100145345535,11~14,0.004575427507209582,0.1364690372439708,0.351100145345535,0.2747917165153023,0.2023465191703651,0.030717154217617188,0.4482689802435035,8793.498193326723
11650610,방배2동,10814901168,904016,841709,449852,0.31343511697735504,17~21,0.0019648043716618737,0.07906491896478492,0.27565626066975024,0.26523620881875537,0.31343511697735504,0.06464269019769256,0.5344507424775071,11963.17451018566
11650620,방배3동,1518483587,139926,130303,49954,0.3577935066246637,11~14,0.018773563916397513,0.10922186603583872,0.3577935066246637,0.2066601893331059,0.18653413352942194,0.1210167405605722,0.3833679961320921,10852.047417920901
11650621,방배4동,6061962658,582207,547407,249866,0.4305167415661012,11~14,0.001108359915020939,0.12529653472263919,0.4305167415661012,0.2523818903879457,0.16874981365179975,0.02194665975649323,0.4564537903242012,10412.040147232858
11650651,양재1동,16588884605,1753248,1469940,677727,0.47882335886307925,11~14,0.012051724964267612,0.17433985680795092,0.47882335886307925,0.19671481869407365,0.11685340662285584,0.021216834047772744,0.46105759418751785,9461.801527792988
11650652,양재2동,24398284988,2665530,2272196,1052950,0.4272570315297207,11~14,0.004424716321048561,0.18853466001147695,0.4272570315297207,0.20617341629267,0.14688075936439837,0.026729416480685372,0.46340632586273367,9153.258446912996
11650660,내곡동,1933813742,431902,403762,190257,0.4379292513863771,11~14,0.0,0.3651554409365234,0.4379292513863771,0.1880893660068636,0.008825941670235843,0.0,0.47121076277609086,4477.436413816097
11680510,신사동,19598382914,1822982,1652894,969495,0.3044483657339674,11~14,0.016534603117939407,0.1010131889062529,0.3044483657339674,0.2659845865726262,0.24217723766997193,0.06984201799924221,0.5865439647067507,10750.727606745431
11680521,논현1동,24494099522,3324803,2983459,1726964,0.3617492387822233,11~14,0.015053007616758506,0.16914426101968744,0.3617492387822233,0.20876266807731386,0.18714008443680766,0.05815074006720927,0.57884623184029,7367.0829585993515
11680531,논현2동,25594006315,3367626,2963793,1756470,0.44469773204608043,11~14,0.0031179536986778622,0.19245843883701608,0.44469773204608043,0.20067449232601373,0.1292460468784558,0.029805336213756084,0.5926426035826389,7600.014465679978
11680545,압구정동,18937093473,2067493,1871271,1024131,0.3431345830507571,11~14,0.01608762725875961,0.15889778618323308,0.3431345830507571,0.2645037777170579,0.18398471322528534,0.03339151256490692,0.5472916536407607,9159.447443352892
11680565,청담동,11677261951,926265,806625,446722,0.31224743116816517,11~14,0.1465975200062069,0.22353887743486417,0.31224743116816517,0.1897703304708899,0.10043974498355351,0.027406095936320346,0.5538162095149542,12606.826287293594
11680580,삼성1동,38431516567,3746441,3200510,1809119,0.3915950924452994,11~14,0.0008738772914077193,0.1711234117362693,0.3915950924452994,0.26346797960795765,0.15519248535593894,0.017747153563127057,0.5652595992513693,10258.140076675436
11680590,삼성2동,21200781336,2294273,1922175,1006667,0.49202493957946686,11~14,0.00932180096692917,0.16892357714869044,0.49202493957946686,0.17427544468472614,0.13462261565601305,0.02083162196417435,0.5237124611442767,9240.740459396071
11680600,대치1동,9567222735,1347531,1315567,308017,0.32128284121037237,11~14,0.00029863195346277704,0.1604509402573411,0.32128284121037237,0.2632446681264524,0.22764727759593276,0.027075640856438526,0.23413250712430458,7099.816430939251
11680610,대치2동,27078138555,4493807,4209484,1542880,0.41890477949569505,11~14,0.0017214796644121882,0.2117322096169724,0.41890477949569505,0.18805098919921137,0.15943563783136067,0.020154904192348323,0.36652473319770307,6025.656766078294
11680630,대치4동,33002893815,3792438,3287367,1272121,0.36852760274861873,11~14,0.005525828308963003,0.19335065759605977,0.36852760274861873,0.23535528213142648,0.16700709058982782,0.030233538625104184,0.3869726136449018,8702.289612908635
11680640,역삼1동,145434046786,16231821,14590732,9261335,0.37058580619153025,11~14,0.019622193162066107,0.13590164694839538,0.37058580619153025,0.20816798591162472,0.21208866962657705,0.05363369815980647,0.6347409437717039,8959.810903902895
11680650,역삼2동,17649201384,2478605,2146790,1105910,0.4453322320712598,11~14,0.012855958964289042,0.2334091084354801,0.4453322320712598,0.17987346900462792,0.09677527592142406,0.031753955602919055,0.5151458689485231,7120.618809370593
11680655,도곡1동,3631386619,507100,411783,209984,0.505933839985004,11~14,0.0018608890338116361,0.20190948468457895,0.505933839985004,0.17544855084382582,0.10831694168037898,0.006530293772400659,0.5099384870186482,7161.0858193650165
11680656,도곡2동,11574494046,899895,786821,388180,0.3989655933049879,11~14,2.5171912976626892e-06,0.09945173060024691,0.3989655933049879,0.22510031004921452,0.24231307430283894,0.034166774551414085,0.4933523634981781,12862.049512443118
11680670,개포2동,1788085641,358950,348846,118183,0.29512780780091297,11~14,0.00011083694161316039,0.1658065625646855,0.29512780780091297,0.26934441961521105,0.22968895692757085,0.03992141615000649,0.33878272934188725,4981.433740075219
11680690,개포4동,2940565765,335040,299912,106055,0.39655321471493654,11~14,0.00018024157898110374,0.15224645350259533,0.39655321471493654,0.25679799370650663,0.1634214877190465,0.030800608777933898,0.35362039531595935,8776.760282354346
11680700,세곡동,5824632291,819535,758252,366523,0.4162389945583881,11~14,0.0004976825800377308,0.18380937135849337,0.4162389945583881,0.21785535896274827,0.16652903846409492,0.015069554076237649,0.4833788766795208,7107.2404363450005
11680720,일원본동,3456152341,384713,374433,84355,0.38145061735728564,11~14,0.00031034494045740195,0.3188999915607586,0.38145061735728564,0.22245793427626442,0.0746696036990337,0.0022115081662002515,0.22528730106587827,8983.716019474257
11680730,일원1동,2477427733,336875,323210,135427,0.3461540974377713,11~14,4.095196180309964e-05,0.15724331517428855,0.3461540974377713,0.25606407013281307,0.22241858730611047,0.018078977987213533,0.4190062188669905,7354.1454040816325
11680740,일원2동,631141908,109478,101680,48259,0.3807522223567661,11~14,0.0,0.29723142308724626,0.3807522223567661,0.22047270597006555,0.0941989528942892,0.007344695691632911,0.4746164437450826,5765.011308208042
11680750,수서동,10033877524,1580467,1487869,588873,0.3500293205069409,11~14,2.3378601765220643e-05,0.20728486033631532,0.3500293205069409,0.21127942207398343,0.20022340684121753,0.03115961163977754,0.395782827654854,6348.678918319712
11710510,풍납1동,80522091,8771,8641,1291,0.5114271547531515,11~14,0.0,0.0298098249916008,0.48661688977172657,0.3423890311650057,0.14118425407166693,0.0,0.14940400416618446,9180.491506099646
11710520,풍납2동,1264481381,114075,109947,29676,0.3886826357404979,11~14,0.0,0.13157320033278166,0.3886826357404979,0.2824265723303305,0.18438462584413662,0.012932965752253323,0.2699118666266474,11084.649406092483
11710531,거여1동,1399913011,122800,120508,41883,0.34789510627096953,17~21,0.0011720249011878876,0.09843752858630413,0.23716927582433223,0.26848958078844093,0.3309571938059993,0.06377439609373554,0.3475536893816178,11399.943086319217
11710532,거여2동,634786864,93785,91513,35347,0.2925529778303464,11~14,0.0005807492843471964,0.10049986262388447,0.2747726327506215,0.2557492965698056,0.2853826241136478,0.08301483465769338,0.3862511337187066,6768.532963693555
11710540,마천1동,731000280,151232,148744,59720,0.30692378469001474,11~14,0.0,0.24292719214773786,0.30692378469001474,0.2655801660525512,0.179831369576677,0.004737487533019193,0.4014951863604582,4833.634944985189
11710550,마천2동,3796819538,382249,373897,151224,0.3071960225369247,11~14,0.0,0.14222036424319248,0.3071960225369247,0.26334722663732013,0.2570283494190474,0.030208037163515233,0.4044536329523906,9932.843612409712
11710561,방이1동,2148141146,229375,215385,83997,0.36955160627701805,11~14,0.01122024776642241,0.11980317896389105,0.36955160627701805,0.2984801877862958,0.1815967427071214,0.019348036499251306,0.389985375026116,9365.193007084468
11710562,방이2동,14164625909,1691363,1608891,945377,0.28250060552557416,17~21,0.019679684738935044,0.09653966697767963,0.2621627635786574,0.24006315403185796,0.28250060552557416,0.09905412514729582,0.5875954306413548,8374.681194397654
11710566,오륜동,2470884080,243986,234115,105590,0.3530132304569413,11~14,0.0,0.10405892414550323,0.3346092474493393,0.34653545448150636,0.2000488039291171,0.014747569994534034,0.45101766226000045,10127.155164640593
11710570,오금동,11325287853,2076392,2027847,823289,0.32884843095195637,11~14,0.006472498236332221,0.18718583364635802,0.32884843095195637,0.2614600809955752,0.1802699489672211,0.03576320720255708,0.4059916749143303,5454.311061206169
11710580,송파1동,10572346250,941819,919825,608631,0.3155648461734455,14~17,0.0007850797031590923,0.05514070770393819,0.28236682905926913,0.3016344529638897,0.31041022144175123,0.0496627091279927,0.661681298073003,11225.454413215279
11710590,송파2동,3093096429,461015,443972,197535,0.30092879909962167,11~14,0.015845565532441108,0.18603545354853337,0.30092879909962167,0.260650551370594,0.17261347401968444,0.06392615642912539,0.4449267070896363,6709.318414802121
11710600,석촌동,11941425864,1244125,1192362,597935,0.290026377505718,11~14,0.004679558583158912,0.13058887438030492,0.290026377505718,0.2521770871837717,0.238295651781036,0.08423245056601039,0.5014710297711601,9598.252477845876
11710610,삼전동,5147137686,784029,761420,353621,0.287025336565179,11~14,0.007393744012591493,0.16340616138660988,0.287025336565179,0.26464720267323943,0.21887034911391337,0.0586572062484668,0.4644230516666229,6564.983802895046
11710620,가락본동,7780932476,1227486,1139814,544038,0.39454266352273815,11~14,0.009480277873111047,0.19256408995561783,0.39454266352273815,0.21829460421122857,0.1583769235657746,0.026741440871529798,0.4773041917365465,6338.917491523325
11710631,가락1동,3878733385,582269,526389,202110,0.2761193486670999,11~14,0.05187443818018558,0.15988773243819265,0.2761193486670999,0.21344884354341156,0.21761459961715904,0.08105503755395123,0.3839555917771838,6661.41145243865
11710632,가락2동,2849684319,403200,388054,155142,0.3492759282065467,11~14,0.0028902559621212633,0.15350884840975287,0.3492759282065467,0.2578380846983802,0.2068377532231293,0.029649129500069666,0.3997948739093013,7067.669441964285
11710641,문정1동,1472276843,200524,189030,96028,0.4262420349382212,11~14,0.0019477521148746442,0.11469272330434595,0.4262420349382212,0.25531702103642245,0.17630302088824515,0.025497447717890556,0.5080040205258425,7342.147787795974
11710642,문정2동,18860583941,2827164,2530547,1277854,0.40548399325024637,11~14,0.0002815637667613996,0.2058224511396869,0.40548399325024637,0.22118567738780845,0.1490032346856948,0.01822307976980212,0.5049714547882336,6671.2026401722715
11710646,장지동,2919596997,448754,427271,186820,0.33631831277016816,11~14,0.00047065042750774684,0.20963530835582816,0.33631831277016816,0.2616607933787827,0.17439867729796688,0.017516257769746347,0.4372400654385624,6506.0077392067815
11710647,위례동,10603498306,964057,915868,396693,0.33479423103495787,11~14,0.0001737999263497866,0.16685461303029875,0.33479423103495787,0.28540257139407044,0.18714559224457325,0.02562919236974997,0.43313337729891205,10998.829224827992
11710650,잠실본동,15799320680,2180799,2102321,1093756,0.2756936055486005,17~21,0.004071919890564474,0.11279679719317465,0.26617393250957616,0.250062068252096,0.2756936055486005,0.09120167660598821,0.5202611780027884,7244.7395106105605
11710670,잠실2동,14370695269,2093755,2042689,680837,0.35466285717183155,11~14,6.715643293932078e-05,0.13188561783561237,0.311364439451131,0.34558150838698326,0.1970118523545462,0.014089425538787826,0.33330428665352385,6863.599260180871
11710680,잠실3동,7408304851,1161055,1111598,436499,0.3433429378239735,11~14,0.0,0.14915360571746109,0.3433429378239735,0.3046899362630553,0.1864413917182227,0.016372128477287477,0.39267702892592465,6380.666592883197
11710690,잠실4동,516498402,92321,87361,29095,0.31872330356847833,11~14,0.0007450894643026118,0.20657578471869764,0.31872330356847833,0.290066985985557,0.1520152008634584,0.03187363539950595,0.3330433488627649,5594.592801204493
11710710,잠실6동,29068244542,3372948,3074129,1583466,0.39391251262016247,11~14,1.951613788877446e-05,0.19148547098630275,0.39391251262016247,0.24635355393613267,0.15291982227299783,0.015309124046515481,0.5150941941603622,8618.052973837723
11710720,잠실7동,162799233,9315,8617,1697,0.4040022762944131,11~14,0.0,0.12881024793891668,0.3994930472375805,0.376618663819187,0.08966019704930744,0.005417843955008395,0.19693628873157712,17477.10499194847
11740515,강일동,3715724365,658806,647754,300111,0.3729894651549729,06~11,0.0006570721370839264,0.33758601231015367,0.361714139628985,0.19048431587649042,0.09991843914464474,0.009640020902642207,0.463310145518206,5640.08883495293
11740520,상일동,4098406615,465406,440624,129335,0.38560530027524886,11~14,0.00929945147019086,0.319384713629249,0.38560530027524886,0.2289199180077177,0.04502239186274713,0.011768224754846518,0.2935269072951088,8806.088909468292
11740530,명일1동,6071233335,707334,698533,221358,0.27868389721003883,06~11,0.0005356177697944316,0.27599656824562163,0.27512421464559295,0.24764520530859235,0.18299605545053868,0.017702338579859967,0.3168898248185841,8583.262412099517
11740540,명일2동,8283322791,1433837,1418141,469175,0.32489688828164187,11~14,0.00019747025454743016,0.1584176496621599,0.32489688828164187,0.2717254201060022,0.2207195906433649,0.024042981052283675,0.3308380478386846,5777.032390013649
11740550,고덕1동,51392999,5961,5813,1537,0.3926009652364585,11~14,0.000925813011787761,0.2913069972537362,0.3926009652364585,0.23647390638993748,0.06161579923225374,0.01707651887582632,0.26440736280750043,8621.539842308337
11740560,고덕2동,314053727,32008,31568,14478,0.33049719403638944,14~17,0.0,0.161406661645754,0.29922775201162094,0.3182240617784916,0.19224778244644183,0.02889374211769156,0.4586289913836797,9811.726037240689
11740570,암사1동,1364597834,220914,218885,101704,0.32172376777192846,11~14,8.712119957746302e-05,0.1653152869916117,0.317611549239241,0.2765323374719101,0.22620473199489688,0.014248973102762921,0.46464581858053317,6177.054573272857
11740580,암사2동,731761714,139395,136785,60079,0.2917845562246808,11~14,0.011358602727657336,0.14490680107018794,0.2837838917888148,0.2750566510729297,0.22762351527633898,0.05727053806407121,0.43922213693021894,5249.5549625165895
11740590,암사3동,1577992187,288672,283977,85366,0.3276203839698756,11~14,7.529300775027556e-05,0.22061547392139647,0.3276203839698756,0.29507257997143677,0.14818655582250806,0.008429713307032792,0.30060885212534816,5466.384640699479
11740600,천호1동,2064866075,289781,282149,126867,0.2867777753288175,11~14,0.02707445566443371,0.1429937070323659,0.2867777753288175,0.2381042341911609,0.22660915190709974,0.07844067587612225,0.4496454001254656,7125.6089081064665
11740610,천호2동,7996957407,1466869,1447434,745730,0.26870342176451106,11~14,0.020133224522706803,0.13355015254323604,0.26287293383105204,0.24855634091317375,0.25833809471075264,0.07654925347907876,0.5152082927442633,5451.718869919536
11740620,천호3동,1200994434,132634,128993,76018,0.26712159404526914,11~14,0.019959407566176212,0.12894777281819944,0.2596491222518316,0.23133935825893126,0.23336496576952354,0.12673937333533797,0.5893188002449745,9054.951475488939
11740640,성내1동,5483337169,686948,647931,312493,0.37195734669857977,11~14,3.7837905238575936e-05,0.17083493357751628,0.37195734669857977,0.26818918198249087,0.1729510970668456,0.016029602769328893,0.48229363929183816,7982.172113464192
11740650,성내2동,4779035250,770322,743303,433192,0.28915186295794393,11~14,0.0022201336179608,0.14920018120563386,0.28915186295794393,0.2569015753124847,0.24688995900721483,0.05563628789876189,0.58279328887412,6203.944908752444
11740660,성내3동,5495701711,827093,801020,357125,0.35156956282926116,11~14,0.003935127307533529,0.16709585868699356,0.35156956282926116,0.2556925427478389,0.19179909597903363,0.029907812449339207,0.44583780679633467,6644.599471885265
11740685,길동,11817288628,1560554,1493256,699273,0.3574328009263939,11~14,0.0021336247971318677,0.153556139764826,0.3574328009263939,0.21413271913807608,0.2254661782515272,0.047278537122045015,0.46828742024140535,7572.49581110298
11740690,둔촌1동,1356426022,223624,216081,85779,0.31867601459120976,11~14,0.0005378066652172112,0.17466360596927996,0.31867601459120976,0.2821277394943544,0.1948879429811113,0.029106891773287614,0.39697613394976883,6065.654947590599
11740700,둔촌2동,2403960456,310968,300652,127784,0.3715755082849955,11~14,0.0001950428390513521,0.12981802306415877,0.3715755082849955,0.25205913842900046,0.22094867619052402,0.025403611192269845,0.4250229501217354,7730.571814463225
