행정동_코드,행정동_코드_명,총_유동인구_수,연령대_20_유동인구_수,연령대_30_유동인구_수,2030_유동인구,2030_유동인구비율
11110515,청운효자동,3373528.25,448867.75,526670.5,975538.25,0.28917447186043277
11110530,사직동,3973369.75,615691.5,801148.5,1416840.0,0.3565839801342425
11110540,삼청동,970162.0,152514.5,168621.75,321136.25,0.3310130163828309
11110550,부암동,873277.5,110074.75,99422.5,209497.25,0.2398976842985191
11110560,평창동,912324.75,87426.25,94659.75,182086.0,0.1995846325554579
11110570,무악동,1873664.0,220214.5,226756.0,446970.5,0.23855424451769366
11110580,교남동,4083436.5,485127.5,539227.75,1024355.25,0.25085617224609713
11110600,가회동,1203425.25,175926.25,215516.75,391443.0,0.3252740458952478
11110615,종로1?2?3?4가동,13854335.25,2683083.75,2863962.5,5547046.25,0.4003834287177366
11110630,종로5?6가동,5203580.5,834178.5,830188.75,1664367.25,0.31985038955388506
11110640,이화동,4641848.25,1094400.0,886852.75,1981252.75,0.4268241104176553
11110650,혜화동,8865268.0,3198090.25,1072019.25,4270109.5,0.48166727728930475
11110670,창신1동,2828471.5,429606.25,419100.25,848706.5,0.3000583530716148
11110680,창신2동,4668053.0,728512.75,557677.5,1286190.25,0.2755303442355946
11110690,창신3동,884414.5,115962.5,125495.5,241458.0,0.2730145197755125
11110700,숭인1동,2270714.5,330986.25,349052.75,680039.0,0.29948238759209933
11110710,숭인2동,5284261.75,1030836.0,872206.0,1903042.0,0.36013393923947845
11140520,소공동,2571007.25,419912.5,647984.5,1067897.0,0.41536133357850313
11140540,회현동,4375223.0,545258.0,955819.75,1501077.75,0.3430859981308381
11140550,명동,5674609.5,1146236.75,1316249.0,2462485.75,0.4339480540467146
11140570,필동,2585832.75,575805.0,486873.75,1062678.75,0.41096190385863124
11140580,장충동,2064753.0,608351.75,370204.5,978556.25,0.47393380709460164
11140590,광희동,6546672.0,1422682.25,1386013.0,2808695.25,0.4290264198359105
11140605,을지로동,4814080.0,776748.25,978324.5,1755072.75,0.3645707487204201
11140615,신당동,5295261.5,895013.0,1073153.0,1968166.0,0.37168438234825607
11140625,다산동,4139022.0,642358.5,762871.5,1405230.0,0.33950773878466944
11140635,약수동,1913965.5,229159.5,334336.25,563495.75,0.2944126997064472
11140645,청구동,2836370.0,331846.25,521082.75,852929.0,0.30071147276272137
11140650,신당5동,3224625.75,499566.25,574283.75,1073850.0,0.3330153894603118
11140665,동화동,3529982.75,438613.25,560285.25,998898.5,0.2829754621322158
11140670,황학동,5682035.0,902185.75,1195089.75,2097275.5,0.36910640289966534
11140680,중림동,1988530.75,254339.25,401402.75,655742.0,0.3297620617634402
11170510,후암동,3913435.25,503657.25,739360.25,1243017.5,0.31762822701614907
11170520,용산2가동,4744844.75,787546.0,939141.5,1726687.5,0.363908113115819
11170530,남영동,1999105.75,352803.75,412710.75,765514.5,0.38292846689075855
11170555,청파동,7375701.75,1676169.25,1403403.0,3079572.25,0.4175293896611261
11170560,원효로1동,4912044.0,782891.5,1223341.25,2006232.75,0.40843134752050264
11170570,원효로2동,3646040.75,462752.0,691624.25,1154376.25,0.31661090183920737
11170580,효창동,3736843.5,554241.25,706448.0,1260689.25,0.3373674198558222
11170590,용문동,2351714.5,313074.75,438858.75,751933.5,0.3197384291332983
11170625,한강로동,5702037.75,1153982.5,1386119.0,2540101.5,0.44547258565589115
11170630,이촌1동,4469922.5,390866.25,564994.25,955860.5,0.21384274559570104
11170640,이촌2동,1477126.75,195621.5,269182.25,464803.75,0.31466747860330874
11170650,이태원1동,2472440.0,611669.5,606503.75,1218173.25,0.4927008339939493
11170660,이태원2동,2875977.75,434960.5,650848.25,1085808.75,0.3775442108340372
11170685,한남동,4367252.75,711298.5,1008368.0,1719666.5,0.3937639056956344
11170690,서빙고동,1710274.0,205337.75,244585.0,449922.75,0.2630705664706357
11170700,보광동,2395791.25,290066.25,402329.25,692395.5,0.28900493730411614
11200520,왕십리2동,4487875.5,688594.75,867889.25,1556484.0,0.34681978143110254
11200535,왕십리도선동,5487250.75,964408.5,1019037.25,1983445.75,0.36146439088827864
11200540,마장동,4931273.0,823071.75,795991.0,1619062.75,0.32832551554132167
11200550,사근동,4330811.75,1837777.0,537005.0,2374782.0,0.5483456998563837
11200560,행당1동,6119463.5,1255502.25,1001565.5,2257067.75,0.36883425319883023
11200570,행당2동,4522877.5,526095.75,717115.0,1243210.75,0.2748716386857703
11200580,응봉동,2715983.25,256907.5,421207.5,678115.0,0.24967569295576472
11200590,금호1가동,3192809.25,273634.25,548077.5,821711.75,0.25736324523615056
11200615,금호2?3가동,5610458.25,559650.75,934031.0,1493681.75,0.2662316843726624
11200620,금호4가동,2617483.0,256663.75,474894.0,731557.75,0.27948901673859966
11200645,옥수동,2868578.25,264687.5,502657.75,767345.25,0.26750019805107283
11200650,성수1가1동,3118957.5,551175.25,736625.75,1287801.0,0.4128946931787304
11200660,성수1가2동,5555665.25,1156857.0,1382403.75,2539260.75,0.4570579103915593
11200670,성수2가1동,4927575.25,785162.5,979935.5,1765098.0,0.3582082282761689
11200690,성수2가3동,5780053.5,1349138.25,1319090.0,2668228.25,0.46162691227685004
11200720,송정동,3214975.75,717464.0,617496.5,1334960.5,0.4152319033821639
11200790,용답동,3052308.5,618054.5,552952.75,1171007.25,0.3836464269584808
11215710,화양동,8934240.5,3936426.0,1556798.25,5493224.25,0.6148507251399825
11215730,군자동,6655412.5,2038573.75,1160375.5,3198949.25,0.4806537911812378
11215740,중곡1동,3616943.5,678293.5,748923.75,1427217.25,0.3945920775372908
11215750,중곡2동,4538698.0,691415.5,812138.5,1503554.0,0.3312742993695549
11215760,중곡3동,4598012.5,623033.75,824827.5,1447861.25,0.31488849801952473
11215770,중곡4동,6415960.25,816900.25,975541.75,1792442.0,0.2793723667474405
11215780,능동,2089426.0,404698.25,430064.5,834762.75,0.39951773836450777
11215810,광장동,6227704.0,620597.0,659006.5,1279603.5,0.20546954383188412
11215820,자양1동,7714602.0,1460763.0,1355534.25,2816297.25,0.3650606019597641
11215830,자양2동,5148038.75,626617.0,871226.75,1497843.75,0.2909542493245607
11215840,자양3동,6585016.25,922873.0,978732.0,1901605.0,0.2887775713537533
11215847,자양4동,8723210.25,1845009.25,1584318.25,3429327.5,0.3931267734834203
11215850,구의1동,6794360.25,1316331.5,1336875.25,2653206.75,0.39050133528024217
11215860,구의2동,4932354.75,614903.5,716834.75,1331738.25,0.27000050026815287
11215870,구의3동,6256683.75,801896.0,941787.75,1743683.75,0.2786913674516472
11230536,용신동,14066266.5,2604874.5,2447381.0,5052255.5,0.3591753007096801
11230545,제기동,12002903.75,2882419.0,1517400.25,4399819.25,0.3665629035807273
11230560,전농1동,11256888.75,2229093.5,1584592.0,3813685.5,0.3387868162062097
11230570,전농2동,2324346.25,272040.25,297467.25,569507.5,0.24501835731229804
11230600,답십리1동,6871706.5,901003.5,1169729.25,2070732.75,0.30134185009211323
11230610,답십리2동,5696555.5,623662.75,950240.25,1573903.0,0.2762902950739267
11230650,장안1동,8856044.25,1192072.0,1592008.5,2784080.5,0.31437066272562947
11230660,장안2동,7691079.75,884121.25,1155599.25,2039720.5,0.2652060004968743
11230705,청량리동,6101235.25,924674.75,795829.5,1720504.25,0.28199277351254404
11230710,회기동,4533961.25,1901423.5,509976.0,2411399.5,0.5318526928301384
11230720,휘경1동,5815782.75,1809647.75,887646.0,2697293.75,0.4637886018008496
11230730,휘경2동,4325199.25,1354870.75,539700.25,1894571.0,0.43803091845999925
11230740,이문1동,10193823.0,3653644.5,1372258.5,5025903.0,0.4930341639245649
11230750,이문2동,3384946.75,563815.75,409565.0,973380.75,0.2875616137831415
11260520,면목2동,5440290.75,676880.75,831432.5,1508313.25,0.2772486470507114
11260540,면목4동,4657417.0,536288.25,687016.5,1223304.75,0.2626573377475111
11260550,면목5동,2383047.75,254796.75,379624.5,634421.25,0.2662226344394484
11260565,면목본동,9810360.5,1421243.5,1650209.25,3071452.75,0.31308255695598547
11260570,면목7동,6114124.0,717173.5,942499.25,1659672.75,0.2714489843516422
11260575,면목3?8동,6242805.75,957841.5,968314.25,1926155.75,0.3085400743087353
11260580,상봉1동,4635460.5,548529.5,763148.75,1311678.25,0.28296611523278
11260590,상봉2동,6962484.75,1368803.25,1499091.0,2867894.25,0.41190671907755344
11260600,중화1동,4844460.25,590829.25,763172.25,1354001.5,0.2794948105931925
11260610,중화2동,7723290.0,999378.0,1193613.75,2192991.75,0.28394528109134837
11260620,묵1동,6986751.25,919699.25,993008.0,1912707.25,0.2737620363971023
11260630,묵2동,5178414.0,754079.5,792552.25,1546631.75,0.29866900367564275
11260655,망우본동,11423050.5,1355434.0,1765001.5,3120435.5,0.2731700695886795
11260660,망우3동,3964733.75,497364.75,577193.75,1074558.5,0.271029170622113
11260680,신내1동,4955296.25,477830.5,692439.0,1170269.5,0.23616539576216053
11260690,신내2동,1695112.5,165061.5,243304.25,408365.75,0.24090775685979543
11290525,성북동,4200586.0,674515.25,619821.0,1294336.25,0.30813230582590145
11290555,삼선동,10101068.0,2284731.5,1496128.75,3780860.25,0.3743030192450937
11290575,동선동,7729481.75,2253347.75,1123802.25,3377150.0,0.4369180378749196
11290580,돈암1동,2278468.25,276164.0,284611.25,560775.25,0.2461194049993894
11290590,돈암2동,2782877.75,290537.0,345015.75,635552.75,0.2283796871781378
11290600,안암동,7634961.75,3080183.75,990613.5,4070797.25,0.5331784733564644
11290610,보문동,5282001.75,957977.25,837626.75,1795604.0,0.3399476344361302
11290620,정릉1동,4437720.75,500328.5,533758.75,1034087.25,0.23302215444719004
11290630,정릉2동,5622647.75,754054.5,775484.0,1529538.5,0.27203171317285524
11290640,정릉3동,2677771.5,762545.5,295105.25,1057650.75,0.39497423510557195
11290650,정릉4동,3357450.75,543335.5,401731.5,945067.0,0.2814835035182571
11290660,길음1동,6217286.75,609273.25,653034.0,1262307.25,0.20303185308285804
11290685,길음2동,4976708.75,574804.75,667330.0,1242134.75,0.2495896007577297
11290705,종암동,10952724.25,1850449.75,1384639.75,3235089.5,0.29536847875997607
11290715,월곡1동,8189933.5,1038817.0,1041833.5,2080650.5,0.2540497428947378
11290725,월곡2동,6289909.25,1137576.5,877261.25,2014837.75,0.32032858820657867
11290760,장위1동,6552491.0,785500.75,879799.25,1665300.0,0.25414762111081113
11290770,장위2동,5577223.0,759167.5,853251.5,1612419.0,0.2891078588752861
11290780,장위3동,3703049.25,511661.75,542816.25,1054478.0,0.28475937769393694
11290810,석관동,10243020.5,1614518.0,1437145.75,3051663.75,0.2979261585974567
11305534,삼양동,11149774.25,1359409.5,1391757.75,2751167.25,0.2467464531849154
11305535,미아동,7761570.0,1388312.0,1048655.0,2436967.0,0.31397861515131603
11305545,송중동,11641666.25,1561977.0,1537416.0,3099393.0,0.26623276543424357
11305555,송천동,10740467.25,1164143.0,1276564.25,2440707.25,0.2272440475064062
11305575,삼각산동,2999863.5,271531.5,317617.5,589149.0,0.1963919358330804
11305595,번1동,6527570.5,1240644.25,954763.0,2195407.25,0.336328385882619
11305603,번2동,2747258.5,333317.25,343795.0,677112.25,0.24646834289529
11305608,번3동,3133813.75,307189.5,346746.5,653936.0,0.20867098435572312
11305615,수유1동,5756902.25,839054.5,742746.25,1581800.75,0.27476595594444914
11305625,수유2동,5223599.0,701500.5,612251.25,1313751.75,0.25150317817275025
11305635,수유3동,9418944.0,2013960.75,1406790.0,3420750.75,0.363177735211081
11305645,우이동,3834373.5,543991.75,464047.75,1008039.5,0.26289548996726586
11305660,인수동,8105140.5,970298.75,966105.5,1936404.25,0.23891063331968151
11320511,창1동,3516314.75,456441.5,507488.0,963929.5,0.2741306079041986
11320512,창2동,10733855.25,1510388.0,1565711.0,3076099.0,0.28657913940100876
11320513,창3동,3485485.75,369977.75,379200.0,749177.75,0.21494213539676643
11320514,창4동,3586743.75,424358.75,475008.0,899366.75,0.2507474223660388
11320515,창5동,3776961.75,480538.5,547342.75,1027881.25,0.2721449985560484
11320521,도봉1동,3707496.25,357644.25,423864.5,781508.75,0.21079151462391904
11320522,도봉2동,3081511.75,302594.5,399736.75,702331.25,0.22791775822370303
11320660,쌍문1동,4582060.5,717762.25,528929.25,1246691.5,0.27208097754274524
11320670,쌍문2동,4362104.0,511089.25,602352.75,1113442.0,0.2552534281621896
11320680,쌍문3동,5397132.5,749898.25,760864.75,1510763.0,0.2799195684004423
11320681,쌍문4동,2391935.75,209977.0,274281.75,484258.75,0.20245474820968748
11320690,방학1동,6462037.75,744856.25,804646.0,1549502.25,0.23978539122585596
11320700,방학2동,2653096.75,259423.75,297711.5,557135.25,0.2099943207875853
11320710,방학3동,3256078.75,275966.5,345241.25,621207.75,0.19078400668288506
11350560,월계1동,4534764.0,1104672.75,522790.25,1627463.0,0.35888593099883476
11350570,월계2동,3653399.0,404907.75,422677.0,827584.75,0.2265246007895661
11350580,월계3동,2402464.5,270058.25,344332.75,614391.0,0.2557336435148157
11350595,공릉1동,10197529.25,1953910.5,1381664.25,3335574.75,0.32709636503371636
11350600,공릉2동,8247482.25,1648210.0,1054020.75,2702230.75,0.3276431119327356
11350611,하계1동,3607974.25,544939.5,383045.0,927984.5,0.25720374805890034
11350612,하계2동,2482761.0,287150.0,328656.25,615806.25,0.24803283521853292
11350619,중계본동,3816486.5,366436.0,251610.0,618046.0,0.1619410942499076
11350621,중계1동,3773250.25,360997.5,279292.5,640290.0,0.16969189891394032
11350624,중계4동,2831815.75,312838.25,275650.75,588489.0,0.20781330847531307
11350625,중계2?3동,4332230.0,458933.25,548622.5,1007555.75,0.23257208181467742
11350630,상계1동,6781890.25,706394.5,822755.75,1529150.25,0.22547552284556655
11350640,상계2동,10133741.5,1540922.0,1343765.75,2884687.75,0.2846616671640973
11350665,상계3?4동,8335692.0,855406.25,920502.25,1775908.5,0.2130487186906618
11350670,상계5동,5482254.5,626003.25,623120.25,1249123.5,0.22784850648578975
11350695,상계6?7동,6258197.0,840232.0,922989.0,1763221.0,0.2817458446897725
11350700,상계8동,982329.75,95099.5,168308.0,263407.5,0.2681457015834042
11350710,상계9동,1777642.25,179146.75,244736.75,423883.5,0.23845264703851407
11350720,상계10동,1913035.0,262720.25,297229.5,559949.75,0.292702302885206
11380510,녹번동,6369595.0,806958.75,1041385.5,1848344.25,0.2901823820823773
11380520,불광1동,5331185.25,660001.5,778072.5,1438074.0,0.2697475200284965
11380530,불광2동,5293673.25,701608.75,752478.5,1454087.25,0.27468398243129194
11380551,갈현1동,5350503.5,793225.5,825529.5,1618755.0,0.3025425551071969
11380552,갈현2동,5774351.0,781006.75,766031.75,1547038.5,0.2679155631515992
11380560,구산동,5413255.75,638022.0,683389.75,1321411.75,0.24410665429949435
11380570,대조동,12893379.0,1838459.25,2305536.25,4143995.5,0.32140492418628197
11380580,응암1동,5168038.75,708714.5,841268.75,1549983.25,0.2999171107221284
11380590,응암2동,3843262.0,307648.0,561343.5,868991.5,0.22610779592960356
11380600,응암3동,7669971.75,1013528.25,1147388.25,2160916.5,0.28173721761100357
11380625,역촌동,11259391.25,1442851.5,1638888.5,3081740.0,0.27370396245889406
11380631,신사1동,5963699.0,745524.25,897076.5,1642600.75,0.27543320848352676
11380632,신사2동,2643608.75,294785.25,380791.75,675577.0,0.2555510530822687
11380640,증산동,2935481.25,361078.0,454148.0,815226.0,0.2777145996078156
11380650,수색동,2587829.5,326235.5,512424.75,838660.25,0.3240786342376884
11380690,진관동,6731113.75,688100.0,732959.75,1421059.75,0.2111180709135988
11410520,천연동,3295904.0,403632.5,449531.25,853163.75,0.2588557646096488
11410555,북아현동,22888194.25,3587105.0,4767784.0,8354889.0,0.3650305003855863
11410565,충현동,10903191.5,1750564.25,2164261.0,3914825.25,0.3590531497130909
11410585,신촌동,10491431.75,4906739.25,1672376.0,6579115.25,0.6270941285015746
11410615,연희동,8747067.0,2010061.75,1398511.0,3408572.75,0.3896817927655064
11410620,홍제1동,5567056.0,687461.0,762914.25,1450375.25,0.26052823072015086
11410640,홍제3동,3694885.5,460210.25,508950.75,969161.0,0.26229797919313064
11410655,홍제2동,2198254.25,257237.75,326227.25,583465.0,0.2654219820114075
11410660,홍은1동,3811727.0,452621.0,545765.5,998386.5,0.2619249752146468
11410685,홍은2동,4478564.0,758081.25,567185.5,1325266.75,0.2959133217701031
11410690,남가좌1동,1288693.0,123371.75,176032.5,299404.25,0.23233171127646382
11410700,남가좌2동,6115267.5,1344791.25,821788.5,2166579.75,0.3542902661249079
11410710,북가좌1동,2582258.5,246629.75,343721.5,590351.25,0.22861818443041237
11410720,북가좌2동,9577079.75,1299822.75,1405024.5,2704847.25,0.28242922901419926
11440555,아현동,7831431.25,924346.5,1433564.0,2357910.5,0.30108295977188076
11440565,공덕동,12437463.5,1774788.25,2315394.0,4090182.25,0.3288598394680716
11440585,도화동,3969814.0,550900.75,811575.75,1362476.5,0.3432091528721497
11440590,용강동,5652901.0,586541.0,931468.25,1518009.25,0.2685363232082076
11440600,대흥동,7056837.0,2173675.75,1115090.0,3288765.75,0.46603963645468927
11440610,염리동,5634695.0,725371.5,959865.0,1685236.5,0.29908211535850654
11440630,신수동,4878931.5,842133.5,738133.0,1580266.5,0.3238960210857644
11440655,서강동,6171295.25,1515605.5,1050119.5,2565725.0,0.4157514583344558
11440660,서교동,17272745.25,5820435.5,3577192.0,9397627.5,0.5440726047875916
11440680,합정동,4485020.5,1018213.0,1096233.75,2114446.75,0.471446395841446
11440690,망원1동,6750778.0,1293250.75,1492389.25,2785640.0,0.41263984684431926
11440700,망원2동,5620799.5,791677.25,1018263.5,1809940.75,0.3220077054874489
11440710,연남동,6489017.0,1646494.75,1450651.5,3097146.25,0.4772905125691611
11440720,성산1동,5936728.75,949666.25,1166079.5,2115745.75,0.3563824185162578
11440730,성산2동,6489677.0,1037866.5,1168534.0,2206400.5,0.3399861811304322
11440740,상암동,5268329.25,825816.25,1060611.25,1886427.5,0.3580694012243065
11470510,목1동,4570164.25,483657.25,517892.75,1001550.0,0.21914967279348876
11470520,목2동,6469867.75,847136.75,1137337.75,1984474.5,0.3067256668422627
11470530,목3동,4930660.0,583422.25,828195.25,1411617.5,0.28629382273367054
11470540,목4동,5545375.5,683044.25,657036.25,1340080.5,0.2416573052627365
11470550,목5동,4744095.0,395690.0,395715.75,791405.75,0.16681911934731491
11470560,신월1동,3901348.75,414381.25,580854.25,995235.5,0.2551003675331512
11470570,신월2동,3533258.75,346861.25,500838.0,847699.25,0.23991994642339737
11470580,신월3동,2642979.25,267753.0,366970.0,634723.0,0.24015436367879164
11470590,신월4동,3305206.75,294953.25,405299.0,700252.25,0.21186337284346887
11470600,신월5동,2767750.0,314494.75,414738.0,729232.75,0.26347493451359405
11470610,신월6동,885727.5,81387.5,134164.5,215552.0,0.24336153049329506
11470611,신월7동,2039471.75,198979.25,277258.25,476237.5,0.233510221458081
11470620,신정1동,3083216.0,312783.5,353168.5,665952.0,0.2159926518284804
11470630,신정2동,4363168.0,430710.5,436375.75,867086.25,0.19872859582761884
11470640,신정3동,7200580.5,731134.0,950752.25,1681886.25,0.23357648039626805
11470650,신정4동,10718590.25,1490922.5,1604594.0,3095516.5,0.2887988464714378
11470670,신정6동,1955787.25,160957.75,202488.75,363446.5,0.1858313065493192
11470680,신정7동,2941767.0,252894.0,300521.5,553415.5,0.18812349856395832
11500510,염창동,8212814.5,849693.5,1602784.25,2452477.75,0.2986159921181709
11500520,등촌1동,4744456.75,736791.0,1214794.25,1951585.25,0.41134008651253906
11500530,등촌2동,3771357.5,490007.0,738077.0,1228084.0,0.3256344698162399
11500535,등촌3동,7055015.0,907288.0,1269594.5,2176882.5,0.30855816748795006
11500540,화곡1동,16361273.25,2823017.5,3266314.75,6089332.25,0.37217960710973397
11500550,화곡2동,3627487.5,456315.75,543687.75,1000003.5,0.27567386517527626
11500560,화곡3동,3651998.0,500772.75,596447.75,1097220.5,0.3004438939999419
11500570,화곡4동,4121004.0,499388.75,594698.25,1094087.0,0.26549039991225437
11500590,화곡본동,8066067.5,1209681.0,1445195.75,2654876.75,0.3291414000688688
11500591,화곡6동,5425529.5,913821.25,1157746.75,2071568.0,0.3818185856329783
11500593,화곡8동,9922519.5,1312319.25,1643828.75,2956148.0,0.297923123255137
11500603,가양1동,3084066.0,489941.0,734854.5,1224795.5,0.39713660472895196
11500604,가양2동,2005234.5,201403.5,363358.25,564761.75,0.2816437429138587
11500605,가양3동,1650211.5,185624.75,404786.5,590411.25,0.35777913921942733
11500611,발산1동,5419363.75,602015.0,642783.75,1244798.75,0.22969462974320556
11500615,우장산동,6954644.5,936130.25,1016732.25,1952862.5,0.2807997590674836
11500620,공항동,5393891.5,629275.25,846188.75,1475464.0,0.2735435075028854
11500630,방화1동,7151921.75,710949.75,1142213.75,1853163.5,0.25911406259443487
11500640,방화2동,4231855.75,577662.0,812471.0,1390133.0,0.3284925295480594
11500641,방화3동,2381065.75,220308.75,383705.25,604014.0,0.25367380132195005
11530510,신도림동,6346223.5,693905.0,1063920.25,1757825.25,0.2769876053057381
11530520,구로1동,1915796.0,190568.25,326486.25,517054.5,0.269890165758776
11530530,구로2동,9021469.25,1003886.0,1459378.5,2463264.5,0.27304471497256394
11530540,구로3동,7289977.25,1096402.5,1513790.5,2610193.0,0.3580522833593205
11530550,구로4동,7323244.25,787779.75,1188503.25,1976283.0,0.26986441152771873
11530560,구로5동,6887783.75,1056083.75,1300165.25,2356249.0,0.34209102456214596
11530595,가리봉동,3067525.0,575436.25,682984.25,1258420.5,0.4102396883480982
11530720,고척1동,4671827.0,615636.75,707148.25,1322785.0,0.2831408354804234
11530730,고척2동,5183357.25,503068.25,658753.75,1161822.0,0.22414468923591943
11530740,개봉1동,7479451.75,815726.75,1141619.25,1957346.0,0.2616964538878134
11530750,개봉2동,3727007.0,439268.0,601866.75,1041134.75,0.2793487508877767
11530760,개봉3동,4501525.0,449578.5,662667.0,1112245.5,0.24708193334481093
11530770,오류1동,4055840.0,662470.5,717377.0,1379847.5,0.3402125083829737
11530780,오류2동,4929267.75,573819.0,713908.0,1287727.0,0.26124103321431463
11530790,수궁동,1735133.0,189474.0,223833.0,413307.0,0.23819903142871468
11530800,항동,950521.0,68492.0,160377.75,228869.75,0.24078347558865085
11545510,가산동,4910664.25,1125356.75,1302615.75,2427972.5,0.49442852868631776
11545610,독산1동,5262178.5,905619.25,1137411.75,2043031.0,0.38824813715460244
11545620,독산2동,3164045.75,384530.0,531965.5,916495.5,0.28965937044367956
11545630,독산3동,4446276.25,622154.75,788656.5,1410811.25,0.31730175334922117
11545640,독산4동,3794157.0,469849.5,621495.0,1091344.5,0.28763820263631684
11545670,시흥1동,5348604.75,668937.75,896752.25,1565690.0,0.29272867844646777
11545680,시흥2동,1502202.75,123298.5,172751.75,296050.25,0.19707742513452328
11545690,시흥3동,1234849.75,124904.75,181460.0,306364.75,0.2480988071625718
11545700,시흥4동,2126275.0,207899.25,293085.25,500984.5,0.23561604213942222
11545710,시흥5동,3359840.25,369093.25,456516.5,825609.75,0.24572887059139195
11560515,영등포본동,6594966.0,966558.75,1131501.25,2098060.0,0.3181305256160532
11560535,영등포동,10700562.0,2308922.5,2614149.75,4923072.25,0.46007604553854275
11560540,여의동,6452584.0,891471.25,1400370.5,2291841.75,0.3551820092539671
11560550,당산1동,7117768.25,1258841.75,1670919.5,2929761.25,0.4116123407080583
11560560,당산2동,8867780.0,1541065.25,2019538.0,3560603.25,0.4015213785186371
11560585,도림동,5399828.75,721102.75,989018.75,1710121.5,0.31669921013698815
11560605,문래동,9179076.0,1276837.75,1827478.0,3104315.75,0.33819479760272164
11560610,양평1동,5024077.0,802310.5,1178147.75,1980458.25,0.39419345085674445
11560620,양평2동,4709421.75,721247.25,1178779.5,1900026.75,0.40345223912043976
11560630,신길1동,5591581.75,896491.75,1008283.5,1904775.25,0.34065052344088503
11560650,신길3동,6290337.5,716474.0,977444.5,1693918.5,0.269288968994112
11560660,신길4동,2553788.25,293608.5,408350.5,701959.0,0.27486969602902667
11560670,신길5동,3021836.5,317124.5,461224.5,778349.0,0.2575748224630949
11560680,신길6동,5902214.25,839827.75,1038978.5,1878806.25,0.3183222720185056
11560690,신길7동,3743258.0,515159.5,623628.75,1138788.25,0.3042238205328086
11560700,대림1동,4249978.0,508764.25,612546.0,1121310.25,0.2638390716375473
11560710,대림2동,4702365.0,559221.5,830278.25,1389499.75,0.29548955685064854
11560720,대림3동,6667858.75,835700.5,1156870.75,1992571.25,0.2988322525578395
11590510,노량진1동,6132288.5,1829672.5,1189605.0,3019277.5,0.49235738011999924
11590520,노량진2동,2818621.0,635741.25,539183.0,1174924.25,0.4168436444630193
11590530,상도1동,7963953.25,2187527.75,1029496.75,3217024.5,0.40394818992690595
11590540,상도2동,4796649.25,708617.0,713787.5,1422404.5,0.2965412782683662
11590550,상도3동,4671216.75,747106.5,796854.0,1543960.5,0.3305264094199868
11590560,상도4동,5480433.25,762141.25,911232.25,1673373.5,0.30533598780716836
11590605,흑석동,5719313.0,1392608.25,735062.5,2127670.75,0.3720150916727236
11590620,사당1동,6596044.25,1388827.0,1379116.25,2767943.25,0.4196368528000703
11590630,사당2동,7356573.5,971492.25,1138073.0,2109565.25,0.2867592160942863
11590640,사당3동,5304719.0,663269.5,842930.0,1506199.5,0.2839357749204058
11590650,사당4동,3892506.0,625227.5,718807.0,1344034.5,0.3452877143927331
11590651,사당5동,3290596.25,453046.5,556991.0,1010037.5,0.3069466513857481
11590660,대방동,7453928.75,1338880.5,1220020.5,2558901.0,0.3432956077021799
11590670,신대방1동,3660864.0,582994.25,640783.75,1223778.0,0.33428666019824826
11590680,신대방2동,5169470.75,847231.0,935372.5,1782603.5,0.34483288255378947
11620525,보라매동,3531772.0,705901.0,707568.0,1413469.0,0.4002152460577863
11620545,청림동,3094562.5,362070.75,493837.25,855908.0,0.2765844929614445
11620565,성현동,4452317.0,560012.5,675101.5,1235114.0,0.27740926802830973
11620575,행운동,7008340.75,1710322.5,1476540.0,3186862.5,0.4547242512430635
11620585,낙성대동,5849667.25,1967035.25,1211057.5,3178092.75,0.5432946207324869
11620595,청룡동,10863303.0,3257816.5,2198379.0,5456195.5,0.5022593496655667
11620605,은천동,8429244.0,1481414.5,1518613.0,3000027.5,0.35590706592429877
11620615,중앙동,5199907.0,1364767.25,1125702.0,2490469.25,0.47894495997716885
11620625,인헌동,5938963.0,1394230.25,1197947.5,2592177.75,0.4364697591145121
11620630,남현동,4197880.25,770487.5,785500.5,1555988.0,0.3706604065230303
11620645,서원동,5230081.0,1428189.0,1173381.5,2601570.5,0.49742451407540345
11620655,신원동,5946421.5,1473109.25,1306935.0,2780044.25,0.46751550491333316
11620665,서림동,4991055.75,1332066.5,994030.5,2326097.0,0.46605309908630055
11620685,신사동,7353544.25,1871483.5,1466776.5,3338260.0,0.45396612660622804
11620695,신림동,9837828.75,3438017.5,2512214.25,5950231.75,0.6048318080348776
11620715,난향동,1404004.75,120885.0,167135.75,288020.75,0.20514229029495804
11620725,조원동,7801836.0,1589451.5,1873650.0,3463101.5,0.4438828885918648
11620735,대학동,6314902.25,2085425.0,1259843.0,3345268.0,0.5297418499233302
11620745,삼성동,6874649.0,1336723.0,1022624.75,2359347.75,0.34319537622939006
11620765,미성동,5282040.25,757315.75,815889.5,1573205.25,0.2978404509507477
11620775,난곡동,5650253.5,707638.75,865881.75,1573520.5,0.278486708605198
11650510,서초1동,7560564.75,1131418.75,1362590.75,2494009.5,0.3298707943741901
11650520,서초2동,6891907.25,1129660.0,1632880.5,2762540.5,0.4008383165632416
11650530,서초3동,12117101.0,1885856.0,2380676.0,4266532.0,0.35210831369648565
11650531,서초4동,6425272.25,1213650.25,1165298.25,2378948.5,0.3702486692295412
11650540,잠원동,6638166.0,916717.75,1159517.25,2076235.0,0.3127723832154845
11650550,반포본동,500657.75,53627.75,72745.25,126373.0,0.2524139494494992
11650560,반포1동,6741513.0,1074481.0,1381146.25,2455627.25,0.36425461910404977
11650570,반포2동,1872603.25,180997.5,221984.5,402982.0,0.21519881480500475
11650580,반포3동,3298705.0,355807.0,392481.5,748288.5,0.22684310964454232
11650581,반포4동,5321048.0,437217.75,618299.5,1055517.25,0.19836642142675653
11650590,방배본동,4663751.75,478939.75,588400.25,1067340.0,0.22885866512942074
11650600,방배1동,4382246.75,597984.75,756377.5,1354362.25,0.3090565929451599
11650610,방배2동,4455618.75,645502.0,732241.25,1377743.25,0.3092147976080763
11650620,방배3동,3420072.5,443489.75,476902.75,920392.5,0.2691149091137688
11650621,방배4동,6369375.5,797800.5,967090.0,1764890.5,0.2770900381049916
11650651,양재1동,8531265.5,1036254.25,1641382.25,2677636.5,0.31386158360679317
11650652,양재2동,5673596.75,772317.0,1227512.75,1999829.75,0.35248006478430105
11650660,내곡동,1917116.0,144369.5,227236.0,371605.5,0.19383568860726216
11680510,신사동,6526451.25,1186985.5,1405286.25,2592271.75,0.39719468524337787
11680521,논현1동,9469499.0,2051206.5,2529994.25,4581200.75,0.4837849130138775
11680531,논현2동,11759136.0,1985677.25,2847590.0,4833267.25,0.41102231065275546
11680545,압구정동,7489979.0,1249266.0,1478968.5,2728234.5,0.3642512882879912
11680565,청담동,8993511.25,1323404.5,1795511.0,3118915.5,0.34679619709154197
11680580,삼성1동,4847406.0,707004.0,1066745.0,1773749.0,0.36591715239037126
11680590,삼성2동,8830301.0,1205310.75,1741489.0,2946799.75,0.3337145302294905
11680600,대치1동,4420531.25,314528.75,281272.0,595800.75,0.13478035021243204
11680610,대치2동,6504876.0,721875.5,924037.5,1645913.0,0.2530275750068103
11680630,대치4동,10354450.5,1355737.25,1594156.75,2949894.0,0.2848914097372912
11680640,역삼1동,20357168.25,4687960.75,5630352.5,10318313.25,0.5068638782803202
11680650,역삼2동,12143429.25,1736056.75,2175981.0,3912037.75,0.3221526365791607
11680655,도곡1동,8588972.25,909228.25,1329434.0,2238662.25,0.2606437865717869
11680656,도곡2동,3974313.5,372699.25,471810.75,844510.0,0.21249204422348664
11680660,개포1동,2151109.75,156254.0,232634.0,388888.0,0.18078482513502622
11680670,개포2동,2167365.0,189516.5,267778.0,457294.5,0.21099099597898832
11680690,개포4동,3373673.5,377457.25,547458.25,924915.5,0.2741567908097805
11680700,세곡동,3456072.0,330248.0,494476.5,824724.5,0.23863058987197025
11680720,일원본동,2411609.0,186059.25,251345.5,437404.75,0.181374654846619
11680730,일원1동,2484765.5,320805.75,419109.75,739915.5,0.29778081674105666
11680740,일원2동,1344456.75,117322.0,186650.25,303972.25,0.226092992578601
11680750,수서동,2240516.5,218357.75,344239.0,562596.75,0.2511013643505861
11710510,풍납1동,4368252.5,535637.75,692704.5,1228342.25,0.28119762994469755
11710520,풍납2동,5052167.0,575435.5,775463.25,1350898.75,0.26738996355425304
11710531,거여1동,3397951.5,370328.25,479591.75,849920.0,0.2501271722094915
11710532,거여2동,3634468.5,337740.5,544979.0,882719.5,0.24287443955010202
11710540,마천1동,2837669.5,277849.5,342728.75,620578.25,0.21869292741808022
11710550,마천2동,4772358.75,469440.75,595238.5,1064679.25,0.2230928783382012
11710561,방이1동,3434260.75,372574.5,440832.0,813406.5,0.23685053617434262
11710562,방이2동,6283369.5,1243506.25,1465749.25,2709255.5,0.4311787648331043
11710566,오륜동,754766.25,87907.25,95462.0,183369.25,0.24294839627500567
11710570,오금동,9703115.0,983332.25,1233922.25,2217254.5,0.2285095559518773
11710580,송파1동,5745404.75,1032967.0,1306759.75,2339726.75,0.4072344511498515
11710590,송파2동,2990354.75,324797.25,451134.5,775931.75,0.25947816057609885
11710600,석촌동,6634373.25,973292.0,1478932.75,2452224.75,0.36962417663190716
11710610,삼전동,6217630.0,897042.5,1330200.25,2227242.75,0.35821410247956215
11710620,가락본동,8601247.75,1039055.0,1598914.5,2637969.5,0.3066961418475593
11710631,가락1동,760413.25,68572.25,138552.5,207124.75,0.2723844567411207
11710632,가락2동,5850009.75,688092.75,884687.75,1572780.5,0.2688509194365018
11710641,문정1동,4239702.5,609062.75,845459.25,1454522.0,0.34307171316855367
11710642,문정2동,2811963.5,376975.0,616589.0,993564.0,0.3533346005380226
11710646,장지동,7479564.75,854316.0,1289841.5,2144157.5,0.28666875301801487
11710647,위례동,3311511.25,264598.5,479756.25,744354.75,0.22477796202564615
11710650,잠실본동,8013728.75,1274299.25,1592602.75,2866902.0,0.3577488194868088
11710670,잠실2동,2229702.75,220903.75,238284.75,459188.5,0.2059415767415634
11710680,잠실3동,3609731.5,407373.25,502555.5,909928.75,0.2520765741163851
11710690,잠실4동,2141928.5,243733.25,311837.25,555570.5,0.2593786393896902
11710710,잠실6동,2323983.5,336102.75,427786.0,763888.75,0.3286980092586716
11710720,잠실7동,692662.0,88850.5,107994.0,196844.5,0.2841855046184142
11740515,강일동,3549463.75,312893.75,464837.25,777731.0,0.2191122532241666
11740520,상일동,3427747.5,292123.0,484573.5,776696.5,0.22659093179996484
11740530,명일1동,4656749.5,443029.0,580002.25,1023031.25,0.21968784234582514
11740540,명일2동,2163064.75,200805.5,201718.0,402523.5,0.18608943629634758
11740550,고덕1동,3577851.5,250701.0,337341.25,588042.25,0.1643562484356883
11740560,고덕2동,2128055.25,182831.75,312443.25,495275.0,0.23273596867374566
11740570,암사1동,8585018.0,930292.75,1283242.75,2213535.5,0.25783702491945854
11740580,암사2동,2280351.5,266476.25,403748.5,670224.75,0.2939129121102602
11740590,암사3동,1598117.75,155182.25,216146.75,371329.0,0.23235396765976724
11740600,천호1동,10348070.0,1121775.5,1533414.25,2655189.75,0.2565879192931629
11740610,천호2동,10936913.5,1374640.5,1887269.0,3261909.5,0.2982477186090939
11740620,천호3동,7490891.25,1150430.5,1398383.5,2548814.0,0.34025510649350305
11740640,성내1동,5562216.0,628313.25,876544.0,1504857.25,0.27054994807824795
11740650,성내2동,8264630.5,1135634.25,1477855.5,2613489.75,0.3162258433695251
11740660,성내3동,6705176.25,885336.5,1092382.5,1977719.0,0.2949540662708158
11740685,길동,18248712.5,2210441.0,2924061.25,5134502.25,0.2813624385829959
11740690,둔촌1동,27847.75,2292.75,4030.25,6323.0,0.22705604582057795
11740700,둔촌2동,6701757.75,757890.0,996952.5,1754842.5,0.2618480950016434
